Quarter,Start_Date,End_Date,Additions_Count,Removals_Count,Constituents_Count,Additions,Removals,Constituents
2007Q1,2007-01-01,2007-03-31,3,3,103,"LOGI,RYAAY,UAUA","AEOS,APCC,CMVT","AAPL,ADBE,ADSK,AEOS,AKAM,ALTR,AMAT,AMGN,AMLN,AMZN,APOL,ATVI,BBBY,BEAS,BIIB,BKNG,BMET,CDNS,CDWC,CELG,CHKP,CHRW,CKFR,COST,CSCO,CTAS,CTSH,CTXS,DELL,DISCA,DISCK,DISH,EA,EBAY,ERIC,ESRX,EXPD,EXPE,FAST,FI,FLEX,FOXA,GENZ,GILD,GOOGL,GRMN,HSIC,IACI,INFY,INTC,INTU,ISRG,JAVA,JNPR,JOYG,KLAC,LAMR,LBTYA,LLTC,LMCK,LOGI,LRCX,LVLT,MCHP,MDLZ,MEDI,MICC,MNST,MRVL,MSFT,NIHD,NLOK,NLTI,NTAP,NVDA,ORCL,PAYX,PCAR,PDCO,PETM,PTEN,QCOM,QRTEA,RIMM,ROST,RYAAY,SBUX,SEPR,SHLD,SIAL,SIRI,SNDK,SPLS,TEVA,TLAB,VRSN,VRTX,WFMI,WYNN,XLNX,XMSR,XRAY,YHOO"
2007Q2,2007-04-01,2007-06-30,1,1,103,CEPH,MEDI,"AAPL,ADBE,ADSK,AKAM,ALTR,AMAT,AMGN,AMLN,AMZN,APOL,ATVI,BBBY,BEAS,BIIB,BKNG,BMET,CDNS,CDWC,CELG,CHKP,CHRW,CKFR,COST,CSCO,CTAS,CTSH,CTXS,DELL,DISCA,DISCK,DISH,EA,EBAY,ERIC,ESRX,EXPD,EXPE,FAST,FI,FLEX,FOXA,GENZ,GILD,GOOGL,GRMN,HSIC,IACI,INFY,INTC,INTU,ISRG,JAVA,JNPR,JOYG,KLAC,LAMR,LBTYA,LLTC,LMCK,LOGI,LRCX,LVLT,MCHP,MDLZ,MEDI,MICC,MNST,MRVL,MSFT,NIHD,NLOK,NLTI,NTAP,NVDA,ORCL,PAYX,PCAR,PDCO,PETM,PTEN,QCOM,QRTEA,RIMM,ROST,RYAAY,SBUX,SEPR,SHLD,SIAL,SIRI,SNDK,SPLS,TEVA,TLAB,UAUA,VRSN,VRTX,WFMI,WYNN,XLNX,XMSR,XRAY,YHOO"
2007Q3,2007-07-01,2007-09-30,2,2,103,"FWLT,VMED","BMET,NLTI","AAPL,ADBE,ADSK,AKAM,ALTR,AMAT,AMGN,AMLN,AMZN,APOL,ATVI,BBBY,BEAS,BIIB,BKNG,CDNS,CDWC,CELG,CEPH,CHKP,CHRW,CKFR,COST,CSCO,CTAS,CTSH,CTXS,DELL,DISCA,DISCK,DISH,EA,EBAY,ERIC,ESRX,EXPD,EXPE,FAST,FI,FLEX,FOXA,FWLT,GENZ,GILD,GOOGL,GRMN,HSIC,IACI,INFY,INTC,INTU,ISRG,JAVA,JNPR,JOYG,KLAC,LAMR,LBTYA,LLTC,LMCK,LOGI,LRCX,LVLT,MCHP,MDLZ,MICC,MNST,MRVL,MSFT,NIHD,NLOK,NLTI,NTAP,NVDA,ORCL,PAYX,PCAR,PDCO,PETM,PTEN,QCOM,QRTEA,RIMM,ROST,RYAAY,SBUX,SEPR,SHLD,SIAL,SIRI,SNDK,SPLS,TEVA,TLAB,UAUA,VRSN,VRTX,WFMI,WYNN,XLNX,XMSR,XRAY,YHOO"
2007Q4,2007-10-01,2007-12-31,7,7,103,"BIDU,FMCN,HANS,HOLX,LEAP,SRCL,STLD","CDWC,CKFR,ERIC,PTEN,ROST,SEPR,XMSR","AAPL,ADBE,ADSK,AKAM,ALTR,AMAT,AMGN,AMLN,AMZN,APOL,ATVI,BBBY,BEAS,BIDU,BIIB,BKNG,CDNS,CELG,CEPH,CHKP,CHRW,COST,CSCO,CTAS,CTSH,CTXS,DELL,DISCA,DISCK,DISH,EA,EBAY,ERIC,ESRX,EXPD,EXPE,FAST,FI,FLEX,FOXA,FWLT,GENZ,GILD,GOOGL,GRMN,HSIC,IACI,INFY,INTC,INTU,ISRG,JAVA,JNPR,JOYG,KLAC,LAMR,LBTYA,LEAP,LLTC,LMCK,LOGI,LRCX,LVLT,MCHP,MDLZ,MICC,MNST,MRVL,MSFT,NIHD,NLOK,NTAP,NVDA,ORCL,PAYX,PCAR,PDCO,PETM,PTEN,QCOM,QRTEA,RIMM,ROST,RYAAY,SBUX,SEPR,SHLD,SIAL,SIRI,SNDK,SPLS,TEVA,TLAB,UAUA,VMED,VRSN,VRTX,WFMI,WYNN,XLNX,XMSR,XRAY,YHOO"
2008Q1,2008-01-01,2008-03-31,0,0,103,,,"AAPL,ADBE,ADSK,AKAM,ALTR,AMAT,AMGN,AMLN,AMZN,APOL,ATVI,BBBY,BEAS,BIDU,BIIB,BKNG,CDNS,CELG,CEPH,CHKP,CHRW,COST,CSCO,CTAS,CTSH,CTXS,DELL,DISCA,DISCK,DISH,EA,EBAY,ERIC,ESRX,EXPD,EXPE,FAST,FI,FLEX,FOXA,FWLT,GENZ,GILD,GOOGL,GRMN,HSIC,IACI,INFY,INTC,INTU,ISRG,JAVA,JNPR,JOYG,KLAC,LAMR,LBTYA,LEAP,LLTC,LMCK,LOGI,LRCX,LVLT,MCHP,MDLZ,MICC,MNST,MRVL,MSFT,NIHD,NLOK,NTAP,NVDA,ORCL,PAYX,PCAR,PDCO,PETM,PTEN,QCOM,QRTEA,RIMM,ROST,RYAAY,SBUX,SEPR,SHLD,SIAL,SIRI,SNDK,SPLS,TEVA,TLAB,UAUA,VMED,VRSN,VRTX,WFMI,WYNN,XLNX,XMSR,XRAY,YHOO"
2008Q2,2008-04-01,2008-06-30,2,2,103,"CA,DTV","BEAS,TLAB","AAPL,ADBE,ADSK,AKAM,ALTR,AMAT,AMGN,AMLN,AMZN,APOL,ATVI,BBBY,BIDU,BIIB,BKNG,CDNS,CELG,CEPH,CHKP,CHRW,COST,CSCO,CTAS,CTSH,CTXS,DELL,DISCA,DISCK,DISH,DTV,EA,EBAY,ESRX,EXPD,EXPE,FAST,FI,FLEX,FMCN,FOXA,FWLT,GENZ,GILD,GOOGL,GRMN,HANS,HOLX,HSIC,IACI,INFY,INTC,INTU,ISRG,JAVA,JNPR,JOYG,KLAC,LAMR,LBTYA,LEAP,LLTC,LMCK,LOGI,LRCX,LVLT,MCHP,MDLZ,MICC,MNST,MRVL,MSFT,NIHD,NLOK,NTAP,NVDA,ORCL,PAYX,PCAR,PDCO,PETM,QCOM,QRTEA,RIMM,RYAAY,SBUX,SHLD,SIAL,SIRI,SNDK,SPLS,SRCL,STLD,TEVA,TLAB,UAUA,VMED,VRSN,VRTX,WFMI,WYNN,XLNX,XRAY,YHOO"
2008Q3,2008-07-01,2008-09-30,1,1,103,FLIR,UAUA,"AAPL,ADBE,ADSK,AKAM,ALTR,AMAT,AMGN,AMLN,AMZN,APOL,ATVI,BBBY,BIDU,BIIB,BKNG,CA,CDNS,CELG,CEPH,CHKP,CHRW,COST,CSCO,CTAS,CTSH,CTXS,DELL,DISCA,DISCK,DISH,DTV,EA,EBAY,ESRX,EXPD,EXPE,FAST,FI,FLEX,FMCN,FOXA,FWLT,GENZ,GILD,GOOGL,GRMN,HANS,HOLX,HSIC,IACI,INFY,INTC,INTU,ISRG,JAVA,JNPR,JOYG,KLAC,LAMR,LBTYA,LEAP,LLTC,LMCK,LOGI,LRCX,LVLT,MCHP,MDLZ,MICC,MNST,MRVL,MSFT,NIHD,NLOK,NTAP,NVDA,ORCL,PAYX,PCAR,PDCO,PETM,QCOM,QRTEA,RIMM,RYAAY,SBUX,SHLD,SIAL,SIRI,SNDK,SPLS,SRCL,STLD,TEVA,UAUA,VMED,VRSN,VRTX,WFMI,WYNN,XLNX,XRAY,YHOO"
2008Q4,2008-10-01,2008-12-31,12,12,103,"ADP,FSLR,ILMN,JBHT,LIFE,MXIM,ORLY,PPDI,ROST,STX,URBN,WCRX","AMLN,CDNS,DISCA,LAMR,LEAP,LVLT,MNST,PETM,SIRI,SNDK,VMED,WFMI","AAPL,ADBE,ADSK,AKAM,ALTR,AMAT,AMGN,AMLN,AMZN,APOL,ATVI,BBBY,BIDU,BIIB,BKNG,CA,CDNS,CELG,CEPH,CHKP,CHRW,COST,CSCO,CTAS,CTSH,CTXS,DELL,DISCA,DISCK,DISH,DTV,EA,EBAY,ESRX,EXPD,EXPE,FAST,FI,FLEX,FLIR,FMCN,FOXA,FWLT,GENZ,GILD,GOOGL,GRMN,HANS,HOLX,HSIC,IACI,INFY,INTC,INTU,ISRG,JAVA,JNPR,JOYG,KLAC,LAMR,LBTYA,LEAP,LLTC,LMCK,LOGI,LRCX,LVLT,MCHP,MDLZ,MICC,MRVL,MSFT,NIHD,NLOK,NTAP,NVDA,ORCL,PAYX,PCAR,PDCO,PETM,QCOM,QRTEA,RIMM,RYAAY,SBUX,SHLD,SIAL,SIRI,SNDK,SPLS,SRCL,STLD,STX,TEVA,VMED,VRSN,VRTX,WFMI,WYNN,XLNX,XRAY,YHOO"
2009Q1,2009-01-01,2009-03-31,1,1,103,NWSA,FMCN,"AAPL,ADBE,ADP,ADSK,AKAM,ALTR,AMAT,AMGN,AMZN,APOL,ATVI,BBBY,BIDU,BIIB,BKNG,CA,CELG,CEPH,CHKP,CHRW,COST,CSCO,CTAS,CTSH,CTXS,DELL,DISCK,DISH,DTV,EA,EBAY,ESRX,EXPD,EXPE,FAST,FI,FLEX,FLIR,FMCN,FOXA,FSLR,FWLT,GENZ,GILD,GOOGL,GRMN,HANS,HOLX,HSIC,IACI,ILMN,INFY,INTC,INTU,ISRG,JAVA,JBHT,JNPR,JOYG,KLAC,LBTYA,LIFE,LLTC,LMCK,LOGI,LRCX,MCHP,MDLZ,MICC,MRVL,MSFT,MXIM,NIHD,NLOK,NTAP,NVDA,ORCL,ORLY,PAYX,PCAR,PDCO,PPDI,QCOM,QRTEA,RIMM,ROST,RYAAY,SBUX,SHLD,SIAL,SPLS,SRCL,STLD,STX,TEVA,URBN,VRSN,VRTX,WCRX,WYNN,XLNX,XRAY,YHOO"
2009Q2,2009-04-01,2009-06-30,0,0,103,,,"AAPL,ADBE,ADP,ADSK,AKAM,ALTR,AMAT,AMGN,AMZN,APOL,ATVI,BBBY,BIDU,BIIB,BKNG,CA,CELG,CEPH,CHKP,CHRW,COST,CSCO,CTAS,CTSH,CTXS,DELL,DISCK,DISH,DTV,EA,EBAY,ESRX,EXPD,EXPE,FAST,FI,FLEX,FLIR,FMCN,FOXA,FSLR,FWLT,GENZ,GILD,GOOGL,GRMN,HANS,HOLX,HSIC,IACI,ILMN,INFY,INTC,INTU,ISRG,JAVA,JBHT,JNPR,JOYG,KLAC,LBTYA,LIFE,LLTC,LMCK,LOGI,LRCX,MCHP,MDLZ,MICC,MRVL,MSFT,MXIM,NIHD,NLOK,NTAP,NVDA,ORCL,ORLY,PAYX,PCAR,PDCO,PPDI,QCOM,QRTEA,RIMM,ROST,RYAAY,SBUX,SHLD,SIAL,SPLS,SRCL,STLD,STX,TEVA,URBN,VRSN,VRTX,WCRX,WYNN,XLNX,XRAY,YHOO"
2009Q3,2009-07-01,2009-09-30,1,1,102,CERN,JAVA,"AAPL,ADBE,ADP,ADSK,AKAM,ALTR,AMAT,AMGN,AMZN,APOL,ATVI,BBBY,BIDU,BIIB,BKNG,CA,CELG,CEPH,CHKP,CHRW,COST,CSCO,CTAS,CTSH,CTXS,DELL,DISCK,DISH,DTV,EA,EBAY,ESRX,EXPD,EXPE,FAST,FI,FLEX,FLIR,FOXA,FSLR,FWLT,GENZ,GILD,GOOGL,GRMN,HANS,HOLX,HSIC,IACI,ILMN,INFY,INTC,INTU,ISRG,JAVA,JBHT,JNPR,JOYG,KLAC,LBTYA,LIFE,LLTC,LMCK,LOGI,LRCX,MCHP,MDLZ,MICC,MRVL,MSFT,MXIM,NIHD,NLOK,NTAP,NVDA,ORCL,ORLY,PAYX,PCAR,PDCO,PPDI,QCOM,QRTEA,RIMM,ROST,RYAAY,SBUX,SHLD,SIAL,SPLS,SRCL,STLD,STX,TEVA,URBN,VRSN,VRTX,WCRX,WYNN,XLNX,XRAY,YHOO"
2009Q4,2009-10-01,2009-12-31,8,8,101,"BMC,MAT,MYL,PCLN,QGEN,SNDK,VMED,VOD","AKAM,HANS,IACI,JNPR,LBTYA,PPDI,RYAAY,STLD","AAPL,ADBE,ADP,ADSK,AKAM,ALTR,AMAT,AMGN,AMZN,APOL,ATVI,BBBY,BIDU,BIIB,BKNG,CA,CELG,CEPH,CERN,CHKP,CHRW,COST,CSCO,CTAS,CTSH,CTXS,DELL,DISCK,DISH,DTV,EA,EBAY,ESRX,EXPD,EXPE,FAST,FI,FLEX,FLIR,FOXA,FSLR,FWLT,GENZ,GILD,GOOGL,GRMN,HANS,HOLX,HSIC,IACI,ILMN,INFY,INTC,INTU,ISRG,JBHT,JOYG,KLAC,LBTYA,LIFE,LLTC,LMCK,LOGI,LRCX,MCHP,MDLZ,MICC,MRVL,MSFT,MXIM,NIHD,NLOK,NTAP,NVDA,ORCL,ORLY,PAYX,PCAR,PDCO,PPDI,QCOM,QRTEA,RIMM,ROST,RYAAY,SBUX,SHLD,SIAL,SPLS,SRCL,STLD,STX,TEVA,URBN,VRSN,VRTX,WCRX,WYNN,XLNX,XRAY,YHOO"
2010Q1,2010-01-01,2010-03-31,0,0,101,,,"AAPL,ADBE,ADP,ADSK,AKAM,ALTR,AMAT,AMGN,AMZN,APOL,ATVI,BBBY,BIDU,BIIB,BKNG,CA,CELG,CEPH,CERN,CHKP,CHRW,COST,CSCO,CTAS,CTSH,CTXS,DELL,DISCK,DISH,DTV,EA,EBAY,ESRX,EXPD,EXPE,FAST,FI,FLEX,FLIR,FOXA,FSLR,FWLT,GENZ,GILD,GOOGL,GRMN,HANS,HOLX,HSIC,IACI,ILMN,INFY,INTC,INTU,ISRG,JBHT,JOYG,KLAC,LBTYA,LIFE,LLTC,LMCK,LOGI,LRCX,MCHP,MDLZ,MICC,MRVL,MSFT,MXIM,NIHD,NLOK,NTAP,NVDA,ORCL,ORLY,PAYX,PCAR,PDCO,PPDI,QCOM,QRTEA,RIMM,ROST,RYAAY,SBUX,SHLD,SIAL,SPLS,SRCL,STLD,STX,TEVA,URBN,VRSN,VRTX,WCRX,WYNN,XLNX,XRAY,YHOO"
2010Q2,2010-04-01,2010-06-30,0,0,101,,,"AAPL,ADBE,ADP,ADSK,AKAM,ALTR,AMAT,AMGN,AMZN,APOL,ATVI,BBBY,BIDU,BIIB,BKNG,CA,CELG,CEPH,CERN,CHKP,CHRW,COST,CSCO,CTAS,CTSH,CTXS,DELL,DISCK,DISH,DTV,EA,EBAY,ESRX,EXPD,EXPE,FAST,FI,FLEX,FLIR,FOXA,FSLR,FWLT,GENZ,GILD,GOOGL,GRMN,HANS,HOLX,HSIC,IACI,ILMN,INFY,INTC,INTU,ISRG,JBHT,JOYG,KLAC,LBTYA,LIFE,LLTC,LMCK,LOGI,LRCX,MCHP,MDLZ,MICC,MRVL,MSFT,MXIM,NIHD,NLOK,NTAP,NVDA,ORCL,ORLY,PAYX,PCAR,PDCO,PPDI,QCOM,QRTEA,RIMM,ROST,RYAAY,SBUX,SHLD,SIAL,SPLS,SRCL,STLD,STX,TEVA,URBN,VRSN,VRTX,WCRX,WYNN,XLNX,XRAY,YHOO"
2010Q3,2010-07-01,2010-09-30,0,0,101,,,"AAPL,ADBE,ADP,ADSK,AKAM,ALTR,AMAT,AMGN,AMZN,APOL,ATVI,BBBY,BIDU,BIIB,BKNG,CA,CELG,CEPH,CERN,CHKP,CHRW,COST,CSCO,CTAS,CTSH,CTXS,DELL,DISCK,DISH,DTV,EA,EBAY,ESRX,EXPD,EXPE,FAST,FI,FLEX,FLIR,FOXA,FSLR,FWLT,GENZ,GILD,GOOGL,GRMN,HANS,HOLX,HSIC,IACI,ILMN,INFY,INTC,INTU,ISRG,JBHT,JOYG,KLAC,LBTYA,LIFE,LLTC,LMCK,LOGI,LRCX,MCHP,MDLZ,MICC,MRVL,MSFT,MXIM,NIHD,NLOK,NTAP,NVDA,ORCL,ORLY,PAYX,PCAR,PDCO,PPDI,QCOM,QRTEA,RIMM,ROST,RYAAY,SBUX,SHLD,SIAL,SPLS,SRCL,STLD,STX,TEVA,URBN,VRSN,VRTX,WCRX,WYNN,XLNX,XRAY,YHOO"
2010Q4,2010-10-01,2010-12-31,7,7,101,"AKAM,DLTR,FFIV,MU,NFLX,TCOM,WFM","CTAS,DISH,FWLT,HOLX,JBHT,LOGI,PDCO","AAPL,ADBE,ADP,ADSK,ALTR,AMAT,AMGN,AMZN,APOL,ATVI,BBBY,BIDU,BIIB,BKNG,BMC,CA,CELG,CEPH,CERN,CHKP,CHRW,COST,CSCO,CTAS,CTSH,CTXS,DELL,DISCK,DISH,DTV,EA,EBAY,ESRX,EXPD,EXPE,FAST,FI,FLEX,FLIR,FOXA,FSLR,FWLT,GENZ,GILD,GOOGL,GRMN,HOLX,HSIC,ILMN,INFY,INTC,INTU,ISRG,JBHT,JOYG,KLAC,LIFE,LLTC,LMCK,LOGI,LRCX,MAT,MCHP,MDLZ,MICC,MRVL,MSFT,MXIM,MYL,NIHD,NLOK,NTAP,NVDA,ORCL,ORLY,PAYX,PCAR,PDCO,QCOM,QGEN,QRTEA,RIMM,ROST,SBUX,SHLD,SIAL,SNDK,SPLS,SRCL,STX,TEVA,URBN,VMED,VOD,VRSN,VRTX,WCRX,WYNN,XLNX,XRAY,YHOO"
2011Q1,2011-01-01,2011-03-31,0,0,101,,,"AAPL,ADBE,ADP,ADSK,ALTR,AMAT,AMGN,AMZN,APOL,ATVI,BBBY,BIDU,BIIB,BKNG,BMC,CA,CELG,CEPH,CERN,CHKP,CHRW,COST,CSCO,CTAS,CTSH,CTXS,DELL,DISCK,DISH,DTV,EA,EBAY,ESRX,EXPD,EXPE,FAST,FI,FLEX,FLIR,FOXA,FSLR,FWLT,GENZ,GILD,GOOGL,GRMN,HOLX,HSIC,ILMN,INFY,INTC,INTU,ISRG,JBHT,JOYG,KLAC,LIFE,LLTC,LMCK,LOGI,LRCX,MAT,MCHP,MDLZ,MICC,MRVL,MSFT,MXIM,MYL,NIHD,NLOK,NTAP,NVDA,ORCL,ORLY,PAYX,PCAR,PDCO,QCOM,QGEN,QRTEA,RIMM,ROST,SBUX,SHLD,SIAL,SNDK,SPLS,SRCL,STX,TEVA,URBN,VMED,VOD,VRSN,VRTX,WCRX,WYNN,XLNX,XRAY,YHOO"
2011Q2,2011-04-01,2011-06-30,2,2,101,"ALXN,GMCR","GENZ,MICC","AAPL,ADBE,ADP,ADSK,AKAM,ALTR,ALXN,AMAT,AMGN,AMZN,APOL,ATVI,BBBY,BIDU,BIIB,BKNG,BMC,CA,CELG,CEPH,CERN,CHKP,CHRW,COST,CSCO,CTSH,CTXS,DELL,DISCK,DLTR,DTV,EA,EBAY,ESRX,EXPD,EXPE,FAST,FFIV,FI,FLEX,FLIR,FOXA,FSLR,GILD,GOOGL,GRMN,HSIC,ILMN,INFY,INTC,INTU,ISRG,JOYG,KLAC,LIFE,LLTC,LMCK,LRCX,MAT,MCHP,MDLZ,MICC,MRVL,MSFT,MU,MXIM,MYL,NFLX,NIHD,NLOK,NTAP,NVDA,ORCL,ORLY,PAYX,PCAR,QCOM,QGEN,QRTEA,RIMM,ROST,SBUX,SHLD,SIAL,SNDK,SPLS,SRCL,STX,TCOM,TEVA,URBN,VMED,VOD,VRSN,VRTX,WCRX,WFM,WYNN,XLNX,XRAY,YHOO"
2011Q3,2011-07-01,2011-09-30,1,1,101,SIRI,CEPH,"AAPL,ADBE,ADP,ADSK,AKAM,ALTR,ALXN,AMAT,AMGN,AMZN,APOL,ATVI,BBBY,BIDU,BIIB,BKNG,BMC,CA,CELG,CEPH,CERN,CHKP,CHRW,COST,CSCO,CTSH,CTXS,DELL,DISCK,DLTR,DTV,EA,EBAY,ESRX,EXPD,EXPE,FAST,FFIV,FI,FLEX,FLIR,FOXA,FSLR,GILD,GMCR,GOOGL,GRMN,HSIC,ILMN,INFY,INTC,INTU,ISRG,JOYG,KLAC,LIFE,LLTC,LMCK,LRCX,MAT,MCHP,MDLZ,MRVL,MSFT,MU,MXIM,MYL,NFLX,NIHD,NLOK,NTAP,NVDA,ORCL,ORLY,PAYX,PCAR,QCOM,QGEN,QRTEA,RIMM,ROST,SBUX,SHLD,SIAL,SNDK,SPLS,SRCL,STX,TCOM,TEVA,URBN,VMED,VOD,VRSN,VRTX,WCRX,WFM,WYNN,XLNX,XRAY,YHOO"
2011Q4,2011-10-01,2011-12-31,6,6,101,"AVGO,FOSL,GOLD,MNST,NUAN,PRGO","FLIR,ILMN,JOYG,NIHD,QGEN,URBN","AAPL,ADBE,ADP,ADSK,AKAM,ALTR,ALXN,AMAT,AMGN,AMZN,APOL,ATVI,BBBY,BIDU,BIIB,BKNG,BMC,CA,CELG,CERN,CHKP,CHRW,COST,CSCO,CTSH,CTXS,DELL,DISCK,DLTR,DTV,EA,EBAY,ESRX,EXPD,EXPE,FAST,FFIV,FI,FLEX,FLIR,FOXA,FSLR,GILD,GMCR,GOOGL,GRMN,HSIC,ILMN,INFY,INTC,INTU,ISRG,KLAC,LIFE,LLTC,LMCK,LRCX,MAT,MCHP,MDLZ,MRVL,MSFT,MU,MXIM,MYL,NFLX,NIHD,NLOK,NTAP,NVDA,ORCL,ORLY,PAYX,PCAR,PRGO,QCOM,QGEN,QRTEA,RIMM,ROST,SBUX,SHLD,SIAL,SIRI,SNDK,SPLS,SRCL,STX,TCOM,TEVA,URBN,VMED,VOD,VRSN,VRTX,WCRX,WFM,WYNN,XLNX,XRAY,YHOO"
2012Q1,2012-01-01,2012-03-31,0,0,101,,,"AAPL,ADBE,ADP,ADSK,AKAM,ALTR,ALXN,AMAT,AMGN,AMZN,APOL,ATVI,BBBY,BIDU,BIIB,BKNG,BMC,CA,CELG,CERN,CHKP,CHRW,COST,CSCO,CTSH,CTXS,DELL,DISCK,DLTR,DTV,EA,EBAY,ESRX,EXPD,EXPE,FAST,FFIV,FI,FLEX,FLIR,FOXA,FSLR,GILD,GMCR,GOOGL,GRMN,HSIC,ILMN,INFY,INTC,INTU,ISRG,KLAC,LIFE,LLTC,LMCK,LRCX,MAT,MCHP,MDLZ,MRVL,MSFT,MU,MXIM,MYL,NFLX,NIHD,NLOK,NTAP,NVDA,ORCL,ORLY,PAYX,PCAR,PRGO,QCOM,QGEN,QRTEA,RIMM,ROST,SBUX,SHLD,SIAL,SIRI,SNDK,SPLS,SRCL,STX,TCOM,TEVA,URBN,VMED,VOD,VRSN,VRTX,WCRX,WFM,WYNN,XLNX,XRAY,YHOO"
2012Q2,2012-04-01,2012-06-30,2,2,101,"TXN,VIAB","FSLR,TEVA","AAPL,ADBE,ADP,ADSK,AKAM,ALTR,ALXN,AMAT,AMGN,AMZN,APOL,ATVI,AVGO,BBBY,BIDU,BIIB,BKNG,BMC,CA,CELG,CERN,CHKP,CHRW,COST,CSCO,CTSH,CTXS,DELL,DISCK,DLTR,DTV,EA,EBAY,ESRX,EXPD,EXPE,FAST,FFIV,FI,FLEX,FOSL,FOXA,GILD,GMCR,GOLD,GOOGL,GRMN,HSIC,INFY,INTC,INTU,ISRG,KLAC,LIFE,LLTC,LMCK,LRCX,MAT,MCHP,MDLZ,MNST,MRVL,MSFT,MU,MXIM,MYL,NFLX,NLOK,NTAP,NUAN,NVDA,ORCL,ORLY,PAYX,PCAR,PRGO,QCOM,QRTEA,RIMM,ROST,SBUX,SHLD,SIAL,SIRI,SNDK,SPLS,SRCL,STX,TCOM,TEVA,TXN,VMED,VOD,VRSN,VRTX,WCRX,WFM,WYNN,XLNX,XRAY,YHOO"
2012Q3,2012-07-01,2012-09-30,1,1,101,KFT,TCOM,"AAPL,ADBE,ADP,ADSK,AKAM,ALTR,ALXN,AMAT,AMGN,AMZN,APOL,ATVI,AVGO,BBBY,BIDU,BIIB,BKNG,BMC,CA,CELG,CERN,CHKP,CHRW,COST,CSCO,CTSH,CTXS,DELL,DISCK,DLTR,DTV,EA,EBAY,ESRX,EXPD,EXPE,FAST,FFIV,FI,FLEX,FOSL,FOXA,GILD,GMCR,GOLD,GOOGL,GRMN,HSIC,INFY,INTC,INTU,ISRG,KLAC,LIFE,LLTC,LMCK,LRCX,MAT,MCHP,MDLZ,MNST,MRVL,MSFT,MU,MXIM,MYL,NFLX,NLOK,NTAP,NUAN,NVDA,ORCL,ORLY,PAYX,PCAR,PRGO,QCOM,QRTEA,RIMM,ROST,SBUX,SHLD,SIAL,SIRI,SNDK,SPLS,SRCL,STX,TCOM,TXN,VIAB,VMED,VOD,VRSN,VRTX,WCRX,WFM,WYNN,XLNX,XRAY,YHOO"
2012Q4,2012-10-01,2012-12-31,11,11,100,"ADI,CTRX,DISCA,EQIX,LBTYA,LMCA,META,REGN,SBAC,VRSK,WDC","APOL,EA,FLEX,GMCR,INFY,LRCX,MRVL,NFLX,RIMM,VRSN,WCRX","AAPL,ADBE,ADP,ADSK,AKAM,ALTR,ALXN,AMAT,AMGN,AMZN,APOL,ATVI,AVGO,BBBY,BIDU,BIIB,BKNG,BMC,CA,CELG,CERN,CHKP,CHRW,COST,CSCO,CTSH,CTXS,DELL,DISCK,DLTR,DTV,EA,EBAY,ESRX,EXPD,EXPE,FAST,FFIV,FI,FLEX,FOSL,FOXA,GILD,GMCR,GOLD,GOOGL,GRMN,HSIC,INTC,INTU,ISRG,KLAC,LIFE,LLTC,LMCK,LRCX,MAT,MCHP,MDLZ,META,MNST,MRVL,MSFT,MU,MXIM,MYL,NFLX,NLOK,NTAP,NUAN,NVDA,ORCL,ORLY,PAYX,PCAR,PRGO,QCOM,QRTEA,RIMM,ROST,SBUX,SHLD,SIAL,SIRI,SNDK,SPLS,SRCL,STX,TXN,VIAB,VMED,VOD,VRSN,VRTX,WCRX,WFM,WYNN,XLNX,XRAY,YHOO"
2013Q1,2013-01-01,2013-03-31,2,2,100,"KRFT,STRZA","LMCA,STRZA","AAPL,ADBE,ADI,ADP,ADSK,AKAM,ALTR,ALXN,AMAT,AMGN,AMZN,ATVI,AVGO,BBBY,BIDU,BIIB,BKNG,BMC,CA,CELG,CERN,CHKP,CHRW,COST,CSCO,CTRX,CTSH,CTXS,DELL,DISCA,DISCK,DLTR,DTV,EBAY,EQIX,ESRX,EXPD,EXPE,FAST,FFIV,FI,FOSL,FOXA,GILD,GOLD,GOOGL,GRMN,HSIC,INTC,INTU,ISRG,KLAC,LBTYA,LIFE,LLTC,LMCK,MAT,MCHP,MDLZ,META,MNST,MSFT,MU,MXIM,MYL,NLOK,NTAP,NUAN,NVDA,ORCL,ORLY,PAYX,PCAR,PRGO,QCOM,QRTEA,REGN,ROST,SBAC,SBUX,SHLD,SIAL,SIRI,SNDK,SPLS,SRCL,STRZA,STX,TXN,VIAB,VMED,VOD,VRSK,VRTX,WDC,WFM,WYNN,XLNX,XRAY,YHOO"
2013Q2,2013-04-01,2013-06-30,2,2,100,"LMCA,NFLX","PRGO,VMED","AAPL,ADBE,ADI,ADP,ADSK,AKAM,ALTR,ALXN,AMAT,AMGN,AMZN,ATVI,AVGO,BBBY,BIDU,BIIB,BKNG,BMC,CA,CELG,CERN,CHKP,CHRW,COST,CSCO,CTRX,CTSH,CTXS,DELL,DISCA,DISCK,DLTR,DTV,EBAY,EQIX,ESRX,EXPD,EXPE,FAST,FFIV,FI,FOSL,FOXA,GILD,GOLD,GOOGL,GRMN,HSIC,INTC,INTU,ISRG,KLAC,KRFT,LBTYA,LIFE,LLTC,LMCA,LMCK,MAT,MCHP,MDLZ,META,MNST,MSFT,MU,MXIM,MYL,NLOK,NTAP,NUAN,NVDA,ORCL,ORLY,PAYX,PCAR,PRGO,QCOM,QRTEA,REGN,ROST,SBAC,SBUX,SHLD,SIAL,SIRI,SNDK,SPLS,SRCL,STX,TXN,VIAB,VOD,VRSK,VRTX,WDC,WFM,WYNN,XLNX,XRAY,YHOO"
2013Q3,2013-07-01,2013-09-30,3,3,100,"CHTR,GMCR,TSLA","BMC,LIFE,ORCL","AAPL,ADBE,ADI,ADP,ADSK,AKAM,ALTR,ALXN,AMAT,AMGN,AMZN,ATVI,AVGO,BBBY,BIDU,BIIB,BKNG,CA,CELG,CERN,CHKP,CHRW,CHTR,COST,CSCO,CTRX,CTSH,CTXS,DELL,DISCA,DISCK,DLTR,DTV,EBAY,EQIX,ESRX,EXPD,EXPE,FAST,FFIV,FI,FOSL,FOXA,GILD,GOLD,GOOGL,GRMN,HSIC,INTC,INTU,ISRG,KLAC,KRFT,LBTYA,LIFE,LLTC,LMCA,LMCK,MAT,MCHP,MDLZ,META,MNST,MSFT,MU,MXIM,MYL,NFLX,NLOK,NTAP,NUAN,NVDA,ORLY,PAYX,PCAR,QCOM,QRTEA,REGN,ROST,SBAC,SBUX,SHLD,SIAL,SIRI,SNDK,SPLS,SRCL,STX,TSLA,TXN,VIAB,VOD,VRSK,VRTX,WDC,WFM,WYNN,XLNX,XRAY,YHOO"
2013Q4,2013-10-01,2013-12-31,7,7,100,"DISH,ILMN,MAR,NXPI,TRIP,TSCO,VIP","DELL,FOSL,GOLD,MCHP,NUAN,SHLD,XRAY","AAPL,ADBE,ADI,ADP,ADSK,AKAM,ALTR,ALXN,AMAT,AMGN,AMZN,ATVI,AVGO,BBBY,BIDU,BIIB,BKNG,CA,CELG,CERN,CHKP,CHRW,CHTR,COST,CSCO,CTRX,CTSH,CTXS,DISCA,DISCK,DLTR,DTV,EBAY,EQIX,ESRX,EXPD,EXPE,FAST,FFIV,FI,FOSL,FOXA,GILD,GMCR,GOOGL,GRMN,HSIC,INTC,INTU,ISRG,KLAC,KRFT,LBTYA,LLTC,LMCA,LMCK,MAR,MAT,MCHP,MDLZ,META,MNST,MSFT,MU,MXIM,MYL,NFLX,NLOK,NTAP,NUAN,NVDA,ORLY,PAYX,PCAR,QCOM,QRTEA,REGN,ROST,SBAC,SBUX,SHLD,SIAL,SIRI,SNDK,SPLS,SRCL,STX,TSLA,TXN,VIAB,VIP,VOD,VRSK,VRTX,WDC,WFM,WYNN,XLNX,XRAY,YHOO"
2014Q1,2014-01-01,2014-03-31,0,0,100,,,"AAPL,ADBE,ADI,ADP,ADSK,AKAM,ALTR,ALXN,AMAT,AMGN,AMZN,ATVI,AVGO,BBBY,BIDU,BIIB,BKNG,CA,CELG,CERN,CHKP,CHRW,CHTR,COST,CSCO,CTRX,CTSH,CTXS,DISCA,DISCK,DLTR,DTV,EBAY,EQIX,ESRX,EXPD,EXPE,FAST,FFIV,FI,FOSL,FOXA,GILD,GMCR,GOOGL,GRMN,HSIC,INTC,INTU,ISRG,KLAC,KRFT,LBTYA,LLTC,LMCA,LMCK,MAR,MAT,MCHP,MDLZ,META,MNST,MSFT,MU,MXIM,MYL,NFLX,NLOK,NTAP,NUAN,NVDA,ORLY,PAYX,PCAR,QCOM,QRTEA,REGN,ROST,SBAC,SBUX,SHLD,SIAL,SIRI,SNDK,SPLS,SRCL,STX,TSLA,TXN,VIAB,VIP,VOD,VRSK,VRTX,WDC,WFM,WYNN,XLNX,XRAY,YHOO"
2014Q2,2014-04-01,2014-06-30,1,0,100,GOOG,,"AAPL,ADBE,ADI,ADP,ADSK,AKAM,ALTR,ALXN,AMAT,AMGN,AMZN,ATVI,AVGO,BBBY,BIDU,BIIB,BKNG,CA,CELG,CERN,CHKP,CHRW,CHTR,COST,CSCO,CTRX,CTSH,CTXS,DISCA,DISCK,DISH,DLTR,DTV,EBAY,EQIX,ESRX,EXPD,EXPE,FAST,FFIV,FI,FOXA,GILD,GMCR,GOOGL,GRMN,HSIC,ILMN,INTC,INTU,ISRG,KLAC,KRFT,LBTYA,LLTC,LMCA,LMCK,MAR,MAT,MDLZ,META,MNST,MSFT,MU,MXIM,MYL,NFLX,NLOK,NTAP,NVDA,NXPI,ORLY,PAYX,PCAR,QCOM,QRTEA,REGN,ROST,SBAC,SBUX,SIAL,SIRI,SNDK,SPLS,SRCL,STX,TRIP,TSCO,TSLA,TXN,VIAB,VIP,VOD,VRSK,VRTX,WDC,WFM,WYNN,XLNX,YHOO"
2014Q3,2014-07-01,2014-09-30,0,0,100,,,"AAPL,ADBE,ADI,ADP,ADSK,AKAM,ALTR,ALXN,AMAT,AMGN,AMZN,ATVI,AVGO,BBBY,BIDU,BIIB,BKNG,CA,CELG,CERN,CHKP,CHRW,CHTR,COST,CSCO,CTRX,CTSH,CTXS,DISCA,DISCK,DISH,DLTR,DTV,EBAY,EQIX,ESRX,EXPD,EXPE,FAST,FFIV,FI,FOXA,GILD,GMCR,GOOGL,GRMN,HSIC,ILMN,INTC,INTU,ISRG,KLAC,KRFT,LBTYA,LLTC,LMCA,LMCK,MAR,MAT,MDLZ,META,MNST,MSFT,MU,MXIM,MYL,NFLX,NLOK,NTAP,NVDA,NXPI,ORLY,PAYX,PCAR,QCOM,QRTEA,REGN,ROST,SBAC,SBUX,SIAL,SIRI,SNDK,SPLS,SRCL,STX,TRIP,TSCO,TSLA,TXN,VIAB,VIP,VOD,VRSK,VRTX,WDC,WFM,WYNN,XLNX,YHOO"
2014Q4,2014-10-01,2014-12-31,6,3,101,"AAL,CMCSA,EA,FOX,LBTYK,LRCX","EXPE,FFIV,MXIM","AAPL,ADBE,ADI,ADP,ADSK,AKAM,ALTR,ALXN,AMAT,AMGN,AMZN,ATVI,AVGO,BBBY,BIDU,BIIB,BKNG,CA,CELG,CERN,CHKP,CHRW,CHTR,COST,CSCO,CTRX,CTSH,CTXS,DISCA,DISCK,DISH,DLTR,DTV,EBAY,EQIX,ESRX,EXPD,EXPE,FAST,FFIV,FI,FOXA,GILD,GMCR,GOOG,GOOGL,GRMN,HSIC,ILMN,INTC,INTU,ISRG,KLAC,KRFT,LBTYA,LLTC,LMCA,LMCK,MAR,MAT,MDLZ,META,MNST,MSFT,MU,MXIM,MYL,NFLX,NLOK,NTAP,NVDA,NXPI,ORLY,PAYX,PCAR,QCOM,QRTEA,REGN,ROST,SBAC,SBUX,SIAL,SIRI,SNDK,SPLS,SRCL,STX,TRIP,TSCO,TSLA,TXN,VIAB,VIP,VOD,VRSK,VRTX,WDC,WFM,WYNN,XLNX,YHOO"
2015Q1,2015-01-01,2015-03-31,1,1,104,WBA,EQIX,"AAL,AAPL,ADBE,ADI,ADP,ADSK,AKAM,ALTR,ALXN,AMAT,AMGN,AMZN,ATVI,AVGO,BBBY,BIDU,BIIB,BKNG,CA,CELG,CERN,CHKP,CHRW,CHTR,CMCSA,COST,CSCO,CTRX,CTSH,CTXS,DISCA,DISCK,DISH,DLTR,DTV,EA,EBAY,EQIX,ESRX,EXPD,FAST,FI,FOX,FOXA,GILD,GMCR,GOOG,GOOGL,GRMN,HSIC,ILMN,INTC,INTU,ISRG,KLAC,KRFT,LBTYA,LBTYK,LLTC,LMCA,LMCK,LRCX,MAR,MAT,MDLZ,META,MNST,MSFT,MU,MYL,NFLX,NLOK,NTAP,NVDA,NXPI,ORLY,PAYX,PCAR,QCOM,QRTEA,REGN,ROST,SBAC,SBUX,SIAL,SIRI,SNDK,SPLS,SRCL,STX,TRIP,TSCO,TSLA,TXN,VIAB,VIP,VOD,VRSK,VRTX,WDC,WFM,WYNN,XLNX,YHOO"
2015Q2,2015-04-01,2015-06-30,0,0,104,,,"AAL,AAPL,ADBE,ADI,ADP,ADSK,AKAM,ALTR,ALXN,AMAT,AMGN,AMZN,ATVI,AVGO,BBBY,BIDU,BIIB,BKNG,CA,CELG,CERN,CHKP,CHRW,CHTR,CMCSA,COST,CSCO,CTRX,CTSH,CTXS,DISCA,DISCK,DISH,DLTR,DTV,EA,EBAY,EQIX,ESRX,EXPD,FAST,FI,FOX,FOXA,GILD,GMCR,GOOG,GOOGL,GRMN,HSIC,ILMN,INTC,INTU,ISRG,KLAC,KRFT,LBTYA,LBTYK,LLTC,LMCA,LMCK,LRCX,MAR,MAT,MDLZ,META,MNST,MSFT,MU,MYL,NFLX,NLOK,NTAP,NVDA,NXPI,ORLY,PAYX,PCAR,QCOM,QRTEA,REGN,ROST,SBAC,SBUX,SIAL,SIRI,SNDK,SPLS,SRCL,STX,TRIP,TSCO,TSLA,TXN,VIAB,VIP,VOD,VRSK,VRTX,WDC,WFM,WYNN,XLNX,YHOO"
2015Q3,2015-07-01,2015-09-30,6,4,105,"BMRN,JD,KHC,LILA,LILAK,SWKS","CTRX,DTV,KRFT,SIAL","AAL,AAPL,ADBE,ADI,ADP,ADSK,AKAM,ALTR,ALXN,AMAT,AMGN,AMZN,ATVI,AVGO,BBBY,BIDU,BIIB,BKNG,BMRN,CA,CELG,CERN,CHKP,CHRW,CHTR,CMCSA,COST,CSCO,CTSH,CTXS,DISCA,DISCK,DISH,DLTR,EA,EBAY,ESRX,EXPD,FAST,FI,FOX,FOXA,GILD,GMCR,GOOG,GOOGL,GRMN,HSIC,ILMN,INTC,INTU,ISRG,JD,KHC,KLAC,LBTYA,LBTYK,LILA,LILAK,LLTC,LMCA,LMCK,LRCX,MAR,MAT,MDLZ,META,MNST,MSFT,MU,MYL,NFLX,NLOK,NTAP,NVDA,NXPI,ORLY,PAYX,PCAR,QCOM,QRTEA,REGN,ROST,SBAC,SBUX,SIRI,SNDK,SPLS,SRCL,STX,TRIP,TSCO,TSLA,TXN,VIAB,VIP,VOD,VRSK,VRTX,WBA,WDC,WFM,WYNN,XLNX,YHOO"
2015Q4,2015-10-01,2015-12-31,9,11,106,"ENDP,EXPE,INCY,MXIM,NCLH,PYPL,TCOM,TMUS,ULTA","ALTR,AVGO,CHRW,EXPD,GMCR,GRMN,LILA,LILAK,SPLS,VIP,WYNN","AAL,AAPL,ADBE,ADI,ADP,ADSK,AKAM,ALXN,AMAT,AMGN,AMZN,ATVI,BBBY,BIDU,BIIB,BKNG,BMRN,CA,CELG,CERN,CHKP,CHRW,CHTR,CMCSA,COST,CSCO,CTSH,CTXS,DISCA,DISCK,DISH,DLTR,EA,EBAY,ESRX,EXPD,FAST,FI,FOX,FOXA,GILD,GMCR,GOOG,GOOGL,GRMN,HSIC,ILMN,INCY,INTC,INTU,ISRG,JD,KHC,KLAC,LBTYA,LBTYK,LILA,LILAK,LLTC,LMCA,LMCK,LRCX,MAR,MAT,MDLZ,META,MNST,MSFT,MU,MYL,NFLX,NLOK,NTAP,NVDA,NXPI,ORLY,PAYX,PCAR,PYPL,QCOM,QRTEA,REGN,ROST,SBAC,SBUX,SIRI,SNDK,SPLS,SRCL,STX,SWKS,TRIP,TSCO,TSLA,TXN,VIAB,VIP,VOD,VRSK,VRTX,WBA,WDC,WFM,WYNN,XLNX,YHOO"
2016Q1,2016-01-01,2016-03-31,3,2,105,"AVGO,CSX,NTES","KLAC,SNDK","AAL,AAPL,ADBE,ADI,ADP,ADSK,AKAM,ALXN,AMAT,AMGN,AMZN,ATVI,AVGO,BBBY,BIDU,BIIB,BKNG,BMRN,CA,CELG,CERN,CHKP,CHTR,CMCSA,COST,CSCO,CSX,CTSH,CTXS,DISCA,DISCK,DISH,DLTR,EA,EBAY,ENDP,ESRX,EXPE,FAST,FI,FOX,FOXA,GILD,GOOG,GOOGL,HSIC,ILMN,INCY,INTC,INTU,ISRG,JD,KHC,LBTYA,LBTYK,LLTC,LMCA,LMCK,LRCX,MAR,MAT,MDLZ,META,MNST,MSFT,MU,MXIM,MYL,NCLH,NFLX,NLOK,NTAP,NVDA,NXPI,ORLY,PAYX,PCAR,PYPL,QCOM,QRTEA,REGN,ROST,SBAC,SBUX,SIRI,SNDK,SRCL,STX,SWKS,TCOM,TMUS,TRIP,TSCO,TSLA,TXN,ULTA,VIAB,VOD,VRSK,VRTX,WBA,WDC,WFM,XLNX,YHOO"
2016Q2,2016-04-01,2016-06-30,3,4,107,"BATRA,BATRK,XRAY","BATRA,BATRK,LMCA,LMCK","AAL,AAPL,ADBE,ADI,ADP,ADSK,AKAM,ALXN,AMAT,AMGN,AMZN,ATVI,AVGO,BATRA,BATRK,BBBY,BIDU,BIIB,BKNG,BMRN,CA,CELG,CERN,CHKP,CHTR,CMCSA,COST,CSCO,CSX,CTSH,CTXS,DISCA,DISCK,DISH,DLTR,EA,EBAY,ENDP,ESRX,EXPE,FAST,FI,FOX,FOXA,GILD,GOOG,GOOGL,HSIC,ILMN,INCY,INTC,INTU,ISRG,JD,KHC,LBTYA,LBTYK,LLTC,LMCA,LMCK,LRCX,MAR,MAT,MDLZ,META,MNST,MSFT,MU,MXIM,MYL,NCLH,NFLX,NLOK,NTAP,NTES,NVDA,NXPI,ORLY,PAYX,PCAR,PYPL,QCOM,QRTEA,REGN,ROST,SBAC,SBUX,SIRI,SRCL,STX,SWKS,TCOM,TMUS,TRIP,TSCO,TSLA,TXN,ULTA,VIAB,VOD,VRSK,VRTX,WBA,WDC,WFM,XLNX,YHOO"
2016Q3,2016-07-01,2016-09-30,1,1,104,MCHP,ENDP,"AAL,AAPL,ADBE,ADI,ADP,ADSK,AKAM,ALXN,AMAT,AMGN,AMZN,ATVI,AVGO,BBBY,BIDU,BIIB,BKNG,BMRN,CA,CELG,CERN,CHKP,CHTR,CMCSA,COST,CSCO,CSX,CTSH,CTXS,DISCA,DISCK,DISH,DLTR,EA,EBAY,ENDP,ESRX,EXPE,FAST,FI,FOX,FOXA,GILD,GOOG,GOOGL,HSIC,ILMN,INCY,INTC,INTU,ISRG,JD,KHC,LBTYA,LBTYK,LLTC,LRCX,MAR,MAT,MDLZ,META,MNST,MSFT,MU,MXIM,MYL,NCLH,NFLX,NLOK,NTAP,NTES,NVDA,NXPI,ORLY,PAYX,PCAR,PYPL,QCOM,QRTEA,REGN,ROST,SBAC,SBUX,SIRI,SRCL,STX,SWKS,TCOM,TMUS,TRIP,TSCO,TSLA,TXN,ULTA,VIAB,VOD,VRSK,VRTX,WBA,WDC,WFM,XLNX,XRAY,YHOO"
2016Q4,2016-10-01,2016-12-31,5,5,104,"CTAS,HAS,HOLX,KLAC,SHPG","BBBY,LLTC,NTAP,SRCL,WFM","AAL,AAPL,ADBE,ADI,ADP,ADSK,AKAM,ALXN,AMAT,AMGN,AMZN,ATVI,AVGO,BBBY,BIDU,BIIB,BKNG,BMRN,CA,CELG,CERN,CHKP,CHTR,CMCSA,COST,CSCO,CSX,CTSH,CTXS,DISCA,DISCK,DISH,DLTR,EA,EBAY,ESRX,EXPE,FAST,FI,FOX,FOXA,GILD,GOOG,GOOGL,HSIC,ILMN,INCY,INTC,INTU,ISRG,JD,KHC,LBTYA,LBTYK,LRCX,MAR,MAT,MCHP,MDLZ,META,MNST,MSFT,MU,MXIM,MYL,NCLH,NFLX,NLOK,NTAP,NTES,NVDA,NXPI,ORLY,PAYX,PCAR,PYPL,QCOM,QRTEA,REGN,ROST,SBAC,SBUX,SHPG,SIRI,SRCL,STX,SWKS,TCOM,TMUS,TRIP,TSCO,TSLA,TXN,ULTA,VIAB,VOD,VRSK,VRTX,WBA,WDC,WFM,XLNX,XRAY,YHOO"
2017Q1,2017-01-01,2017-03-31,2,2,104,"IDXX,JBHT","NXPI,SBAC","AAL,AAPL,ADBE,ADI,ADP,ADSK,AKAM,ALXN,AMAT,AMGN,AMZN,ATVI,AVGO,BIDU,BIIB,BKNG,BMRN,CA,CELG,CERN,CHKP,CHTR,CMCSA,COST,CSCO,CSX,CTAS,CTSH,CTXS,DISCA,DISCK,DISH,DLTR,EA,EBAY,ESRX,EXPE,FAST,FI,FOX,FOXA,GILD,GOOG,GOOGL,HAS,HOLX,HSIC,ILMN,INCY,INTC,INTU,ISRG,JBHT,JD,KHC,KLAC,LBTYA,LBTYK,LRCX,MAR,MAT,MCHP,MDLZ,META,MNST,MSFT,MU,MXIM,MYL,NCLH,NFLX,NLOK,NTES,NVDA,ORLY,PAYX,PCAR,PYPL,QCOM,QRTEA,REGN,ROST,SBAC,SBUX,SHPG,SIRI,STX,SWKS,TCOM,TMUS,TRIP,TSCO,TSLA,TXN,ULTA,VIAB,VOD,VRSK,VRTX,WBA,WDC,XLNX,XRAY,YHOO"
2017Q2,2017-04-01,2017-06-30,2,2,104,"MELI,WYNN","TRIP,YHOO","AAL,AAPL,ADBE,ADI,ADP,ADSK,AKAM,ALXN,AMAT,AMGN,AMZN,ATVI,AVGO,BIDU,BIIB,BKNG,BMRN,CA,CELG,CERN,CHKP,CHTR,CMCSA,COST,CSCO,CSX,CTAS,CTSH,CTXS,DISCA,DISCK,DISH,DLTR,EA,EBAY,ESRX,EXPE,FAST,FI,FOX,FOXA,GILD,GOOG,GOOGL,HAS,HOLX,HSIC,IDXX,ILMN,INCY,INTC,INTU,ISRG,JBHT,JD,KHC,KLAC,LBTYA,LBTYK,LRCX,MAR,MAT,MCHP,MDLZ,META,MNST,MSFT,MU,MXIM,MYL,NCLH,NFLX,NLOK,NTES,NVDA,ORLY,PAYX,PCAR,PYPL,QCOM,QRTEA,REGN,ROST,SBUX,SHPG,SIRI,STX,SWKS,TCOM,TMUS,TSCO,TSLA,TXN,ULTA,VIAB,VOD,VRSK,VRTX,WBA,WDC,WYNN,XLNX,XRAY,YHOO"
2017Q3,2017-07-01,2017-09-30,0,0,104,,,"AAL,AAPL,ADBE,ADI,ADP,ADSK,AKAM,ALXN,AMAT,AMGN,AMZN,ATVI,AVGO,BIDU,BIIB,BKNG,BMRN,CA,CELG,CERN,CHKP,CHTR,CMCSA,COST,CSCO,CSX,CTAS,CTSH,CTXS,DISCA,DISCK,DISH,DLTR,EA,EBAY,ESRX,EXPE,FAST,FI,FOX,FOXA,GILD,GOOG,GOOGL,HAS,HOLX,HSIC,IDXX,ILMN,INCY,INTC,INTU,ISRG,JBHT,JD,KHC,KLAC,LBTYA,LBTYK,LRCX,MAR,MAT,MCHP,MDLZ,META,MNST,MSFT,MU,MXIM,MYL,NCLH,NFLX,NLOK,NTES,NVDA,ORLY,PAYX,PCAR,PYPL,QCOM,QRTEA,REGN,ROST,SBUX,SHPG,SIRI,STX,SWKS,TCOM,TMUS,TSCO,TSLA,TXN,ULTA,VIAB,VOD,VRSK,VRTX,WBA,WDC,WYNN,XLNX,XRAY,YHOO"
2017Q4,2017-10-01,2017-12-31,6,7,104,"ALGN,ASML,CDNS,SNPS,TTWO,WDAY","AKAM,DISCA,DISCK,MAT,NCLH,TSCO,VIAB","AAL,AAPL,ADBE,ADI,ADP,ADSK,AKAM,ALGN,ALXN,AMAT,AMGN,AMZN,ATVI,AVGO,BIDU,BIIB,BKNG,BMRN,CA,CELG,CERN,CHKP,CHTR,CMCSA,COST,CSCO,CSX,CTAS,CTSH,CTXS,DISCA,DISCK,DISH,DLTR,EA,EBAY,ESRX,EXPE,FAST,FI,FOX,FOXA,GILD,GOOG,GOOGL,HAS,HOLX,HSIC,IDXX,ILMN,INCY,INTC,INTU,ISRG,JBHT,JD,KHC,KLAC,LBTYA,LBTYK,LRCX,MAR,MCHP,MDLZ,MELI,META,MNST,MSFT,MU,MXIM,MYL,NCLH,NFLX,NLOK,NTES,NVDA,ORLY,PAYX,PCAR,PYPL,QCOM,QRTEA,REGN,ROST,SBUX,SHPG,SIRI,STX,SWKS,TCOM,TMUS,TSCO,TSLA,TXN,ULTA,VIAB,VOD,VRSK,VRTX,WBA,WDC,WYNN,XLNX,XRAY"
2018Q1,2018-01-01,2018-03-31,0,0,104,,,"AAL,AAPL,ADBE,ADI,ADP,ADSK,AKAM,ALGN,ALXN,AMAT,AMGN,AMZN,ATVI,AVGO,BIDU,BIIB,BKNG,BMRN,CA,CELG,CERN,CHKP,CHTR,CMCSA,COST,CSCO,CSX,CTAS,CTSH,CTXS,DISCA,DISCK,DISH,DLTR,EA,EBAY,ESRX,EXPE,FAST,FI,FOX,FOXA,GILD,GOOG,GOOGL,HAS,HOLX,HSIC,IDXX,ILMN,INCY,INTC,INTU,ISRG,JBHT,JD,KHC,KLAC,LBTYA,LBTYK,LRCX,MAR,MCHP,MDLZ,MELI,META,MNST,MSFT,MU,MXIM,MYL,NCLH,NFLX,NLOK,NTES,NVDA,ORLY,PAYX,PCAR,PYPL,QCOM,QRTEA,REGN,ROST,SBUX,SHPG,SIRI,STX,SWKS,TCOM,TMUS,TSCO,TSLA,TXN,ULTA,VIAB,VOD,VRSK,VRTX,WBA,WDC,WYNN,XLNX,XRAY"
2018Q2,2018-04-01,2018-06-30,0,0,104,,,"AAL,AAPL,ADBE,ADI,ADP,ADSK,AKAM,ALGN,ALXN,AMAT,AMGN,AMZN,ATVI,AVGO,BIDU,BIIB,BKNG,BMRN,CA,CELG,CERN,CHKP,CHTR,CMCSA,COST,CSCO,CSX,CTAS,CTSH,CTXS,DISCA,DISCK,DISH,DLTR,EA,EBAY,ESRX,EXPE,FAST,FI,FOX,FOXA,GILD,GOOG,GOOGL,HAS,HOLX,HSIC,IDXX,ILMN,INCY,INTC,INTU,ISRG,JBHT,JD,KHC,KLAC,LBTYA,LBTYK,LRCX,MAR,MCHP,MDLZ,MELI,META,MNST,MSFT,MU,MXIM,MYL,NCLH,NFLX,NLOK,NTES,NVDA,ORLY,PAYX,PCAR,PYPL,QCOM,QRTEA,REGN,ROST,SBUX,SHPG,SIRI,STX,SWKS,TCOM,TMUS,TSCO,TSLA,TXN,ULTA,VIAB,VOD,VRSK,VRTX,WBA,WDC,WYNN,XLNX,XRAY"
2018Q3,2018-07-01,2018-09-30,1,1,103,PEP,DISH,"AAL,AAPL,ADBE,ADI,ADP,ADSK,ALGN,ALXN,AMAT,AMGN,AMZN,ASML,ATVI,AVGO,BIDU,BIIB,BKNG,BMRN,CA,CDNS,CELG,CERN,CHKP,CHTR,CMCSA,COST,CSCO,CSX,CTAS,CTSH,CTXS,DISH,DLTR,EA,EBAY,ESRX,EXPE,FAST,FI,FOX,FOXA,GILD,GOOG,GOOGL,HAS,HOLX,HSIC,IDXX,ILMN,INCY,INTC,INTU,ISRG,JBHT,JD,KHC,KLAC,LBTYA,LBTYK,LRCX,MAR,MCHP,MDLZ,MELI,META,MNST,MSFT,MU,MXIM,MYL,NFLX,NLOK,NTES,NVDA,ORLY,PAYX,PCAR,PYPL,QCOM,QRTEA,REGN,ROST,SBUX,SHPG,SIRI,SNPS,STX,SWKS,TCOM,TMUS,TSLA,TTWO,TXN,ULTA,VOD,VRSK,VRTX,WBA,WDAY,WDC,WYNN,XLNX,XRAY"
2018Q4,2018-10-01,2018-12-31,8,8,103,"AMD,LULU,NTAP,NXPI,UAL,VRSN,WTW,XEL","CA,ESRX,HOLX,QRTEA,SHPG,STX,VOD,XRAY","AAL,AAPL,ADBE,ADI,ADP,ADSK,ALGN,ALXN,AMAT,AMGN,AMZN,ASML,ATVI,AVGO,BIDU,BIIB,BKNG,BMRN,CDNS,CELG,CERN,CHKP,CHTR,CMCSA,COST,CSCO,CSX,CTAS,CTSH,CTXS,DLTR,EA,EBAY,ESRX,EXPE,FAST,FI,FOX,FOXA,GILD,GOOG,GOOGL,HAS,HOLX,HSIC,IDXX,ILMN,INCY,INTC,INTU,ISRG,JBHT,JD,KHC,KLAC,LBTYA,LBTYK,LRCX,MAR,MCHP,MDLZ,MELI,META,MNST,MSFT,MU,MXIM,MYL,NFLX,NLOK,NTES,NVDA,NXPI,ORLY,PAYX,PCAR,PEP,PYPL,QCOM,QRTEA,REGN,ROST,SBUX,SHPG,SIRI,SNPS,STX,SWKS,TCOM,TMUS,TSLA,TTWO,TXN,ULTA,VOD,VRSK,VRTX,WBA,WDAY,WDC,WYNN,XEL,XLNX"
2019Q1,2019-01-01,2019-03-31,2,2,103,"FOX,FOXA","FOX,FOXA","AAL,AAPL,ADBE,ADI,ADP,ADSK,ALGN,ALXN,AMAT,AMD,AMGN,AMZN,ASML,ATVI,AVGO,BIDU,BIIB,BKNG,BMRN,CDNS,CELG,CERN,CHKP,CHTR,CMCSA,COST,CSCO,CSX,CTAS,CTSH,CTXS,DLTR,EA,EBAY,EXPE,FAST,FI,FOX,FOXA,GILD,GOOG,GOOGL,HAS,HSIC,IDXX,ILMN,INCY,INTC,INTU,ISRG,JBHT,JD,KHC,KLAC,LBTYA,LBTYK,LRCX,LULU,MAR,MCHP,MDLZ,MELI,META,MNST,MSFT,MU,MXIM,MYL,NFLX,NLOK,NTAP,NTES,NVDA,NXPI,ORLY,PAYX,PCAR,PEP,PYPL,QCOM,REGN,ROST,SBUX,SIRI,SNPS,SWKS,TCOM,TMUS,TSLA,TTWO,TXN,UAL,ULTA,VRSK,VRSN,VRTX,WBA,WDAY,WDC,WTW,WYNN,XEL,XLNX"
2019Q2,2019-04-01,2019-06-30,0,0,103,,,"AAL,AAPL,ADBE,ADI,ADP,ADSK,ALGN,ALXN,AMAT,AMD,AMGN,AMZN,ASML,ATVI,AVGO,BIDU,BIIB,BKNG,BMRN,CDNS,CELG,CERN,CHKP,CHTR,CMCSA,COST,CSCO,CSX,CTAS,CTSH,CTXS,DLTR,EA,EBAY,EXPE,FAST,FI,FOX,FOXA,GILD,GOOG,GOOGL,HAS,HSIC,IDXX,ILMN,INCY,INTC,INTU,ISRG,JBHT,JD,KHC,KLAC,LBTYA,LBTYK,LRCX,LULU,MAR,MCHP,MDLZ,MELI,META,MNST,MSFT,MU,MXIM,MYL,NFLX,NLOK,NTAP,NTES,NVDA,NXPI,ORLY,PAYX,PCAR,PEP,PYPL,QCOM,REGN,ROST,SBUX,SIRI,SNPS,SWKS,TCOM,TMUS,TSLA,TTWO,TXN,UAL,ULTA,VRSK,VRSN,VRTX,WBA,WDAY,WDC,WTW,WYNN,XEL,XLNX"
2019Q3,2019-07-01,2019-09-30,0,0,103,,,"AAL,AAPL,ADBE,ADI,ADP,ADSK,ALGN,ALXN,AMAT,AMD,AMGN,AMZN,ASML,ATVI,AVGO,BIDU,BIIB,BKNG,BMRN,CDNS,CELG,CERN,CHKP,CHTR,CMCSA,COST,CSCO,CSX,CTAS,CTSH,CTXS,DLTR,EA,EBAY,EXPE,FAST,FI,FOX,FOXA,GILD,GOOG,GOOGL,HAS,HSIC,IDXX,ILMN,INCY,INTC,INTU,ISRG,JBHT,JD,KHC,KLAC,LBTYA,LBTYK,LRCX,LULU,MAR,MCHP,MDLZ,MELI,META,MNST,MSFT,MU,MXIM,MYL,NFLX,NLOK,NTAP,NTES,NVDA,NXPI,ORLY,PAYX,PCAR,PEP,PYPL,QCOM,REGN,ROST,SBUX,SIRI,SNPS,SWKS,TCOM,TMUS,TSLA,TTWO,TXN,UAL,ULTA,VRSK,VRSN,VRTX,WBA,WDAY,WDC,WTW,WYNN,XEL,XLNX"
2019Q4,2019-10-01,2019-12-31,7,7,103,"ANSS,CDW,CPRT,CSGP,EXC,SGEN,SPLK","CELG,HAS,HSIC,JBHT,MYL,NLOK,WYNN","AAL,AAPL,ADBE,ADI,ADP,ADSK,ALGN,ALXN,AMAT,AMD,AMGN,AMZN,ASML,ATVI,AVGO,BIDU,BIIB,BKNG,BMRN,CDNS,CERN,CHKP,CHTR,CMCSA,COST,CSCO,CSX,CTAS,CTSH,CTXS,DLTR,EA,EBAY,EXC,EXPE,FAST,FI,FOX,FOXA,GILD,GOOG,GOOGL,HAS,HSIC,IDXX,ILMN,INCY,INTC,INTU,ISRG,JBHT,JD,KHC,KLAC,LBTYA,LBTYK,LRCX,LULU,MAR,MCHP,MDLZ,MELI,META,MNST,MSFT,MU,MXIM,MYL,NFLX,NLOK,NTAP,NTES,NVDA,NXPI,ORLY,PAYX,PCAR,PEP,PYPL,QCOM,REGN,ROST,SBUX,SIRI,SNPS,SWKS,TCOM,TMUS,TSLA,TTWO,TXN,UAL,ULTA,VRSK,VRSN,VRTX,WBA,WDAY,WDC,WTW,WYNN,XEL,XLNX"
2020Q1,2020-01-01,2020-03-31,0,0,103,,,"AAL,AAPL,ADBE,ADI,ADP,ADSK,ALGN,ALXN,AMAT,AMD,AMGN,AMZN,ASML,ATVI,AVGO,BIDU,BIIB,BKNG,BMRN,CDNS,CERN,CHKP,CHTR,CMCSA,COST,CSCO,CSX,CTAS,CTSH,CTXS,DLTR,EA,EBAY,EXC,EXPE,FAST,FI,FOX,FOXA,GILD,GOOG,GOOGL,HAS,HSIC,IDXX,ILMN,INCY,INTC,INTU,ISRG,JBHT,JD,KHC,KLAC,LBTYA,LBTYK,LRCX,LULU,MAR,MCHP,MDLZ,MELI,META,MNST,MSFT,MU,MXIM,MYL,NFLX,NLOK,NTAP,NTES,NVDA,NXPI,ORLY,PAYX,PCAR,PEP,PYPL,QCOM,REGN,ROST,SBUX,SIRI,SNPS,SWKS,TCOM,TMUS,TSLA,TTWO,TXN,UAL,ULTA,VRSK,VRSN,VRTX,WBA,WDAY,WDC,WTW,WYNN,XEL,XLNX"
2020Q2,2020-04-01,2020-06-30,3,3,103,"DOCU,DXCM,ZM","AAL,UAL,WTW","AAPL,ADBE,ADI,ADP,ADSK,ALGN,ALXN,AMAT,AMD,AMGN,AMZN,ANSS,ASML,ATVI,AVGO,BIDU,BIIB,BKNG,BMRN,CDNS,CDW,CERN,CHKP,CHTR,CMCSA,COST,CPRT,CSCO,CSGP,CSX,CTAS,CTSH,CTXS,DLTR,DXCM,EA,EBAY,EXC,EXPE,FAST,FI,FOX,FOXA,GILD,GOOG,GOOGL,IDXX,ILMN,INCY,INTC,INTU,ISRG,JD,KHC,KLAC,LBTYA,LBTYK,LRCX,LULU,MAR,MCHP,MDLZ,MELI,META,MNST,MSFT,MU,MXIM,NFLX,NTAP,NTES,NVDA,NXPI,ORLY,PAYX,PCAR,PEP,PYPL,QCOM,REGN,ROST,SBUX,SGEN,SIRI,SNPS,SPLK,SWKS,TCOM,TMUS,TSLA,TTWO,TXN,UAL,ULTA,VRSK,VRSN,VRTX,WBA,WDAY,WDC,XEL,XLNX,ZM"
2020Q3,2020-07-01,2020-09-30,2,2,103,"MRNA,PDD","CSGP,NTAP","AAPL,ADBE,ADI,ADP,ADSK,ALGN,ALXN,AMAT,AMD,AMGN,AMZN,ANSS,ASML,ATVI,AVGO,BIDU,BIIB,BKNG,BMRN,CDNS,CDW,CERN,CHKP,CHTR,CMCSA,COST,CPRT,CSCO,CSX,CTAS,CTSH,CTXS,DLTR,DOCU,DXCM,EA,EBAY,EXC,EXPE,FAST,FI,FOX,FOXA,GILD,GOOG,GOOGL,IDXX,ILMN,INCY,INTC,INTU,ISRG,JD,KHC,KLAC,LBTYA,LBTYK,LRCX,LULU,MAR,MCHP,MDLZ,MELI,META,MNST,MRNA,MSFT,MU,MXIM,NFLX,NTAP,NTES,NVDA,NXPI,ORLY,PAYX,PCAR,PEP,PYPL,QCOM,REGN,ROST,SBUX,SGEN,SIRI,SNPS,SPLK,SWKS,TCOM,TMUS,TSLA,TTWO,TXN,ULTA,VRSK,VRSN,VRTX,WBA,WDAY,WDC,XEL,XLNX,ZM"
2020Q4,2020-10-01,2020-12-31,7,8,103,"AEP,KDP,MRVL,MTCH,OKTA,PTON,TEAM","BMRN,CTXS,EXPE,LBTYA,LBTYK,TTWO,ULTA,WDC","AAPL,ADBE,ADI,ADP,ADSK,ALGN,ALXN,AMAT,AMD,AMGN,AMZN,ANSS,ASML,ATVI,AVGO,BIDU,BIIB,BKNG,BMRN,CDNS,CDW,CERN,CHKP,CHTR,CMCSA,COST,CPRT,CSCO,CSX,CTAS,CTSH,CTXS,DLTR,DOCU,DXCM,EA,EBAY,EXC,EXPE,FAST,FI,FOX,FOXA,GILD,GOOG,GOOGL,IDXX,ILMN,INCY,INTC,INTU,ISRG,JD,KDP,KHC,KLAC,LBTYA,LBTYK,LRCX,LULU,MAR,MCHP,MDLZ,MELI,META,MNST,MRNA,MSFT,MU,MXIM,NFLX,NTES,NVDA,NXPI,ORLY,PAYX,PCAR,PDD,PEP,PYPL,QCOM,REGN,ROST,SBUX,SGEN,SIRI,SNPS,SPLK,SWKS,TCOM,TMUS,TSLA,TTWO,TXN,ULTA,VRSK,VRSN,VRTX,WBA,WDAY,XEL,XLNX,ZM"
2021Q1,2021-01-01,2021-03-31,0,0,103,,,"AAPL,ADBE,ADI,ADP,ADSK,ALGN,ALXN,AMAT,AMD,AMGN,AMZN,ANSS,ASML,ATVI,AVGO,BIDU,BIIB,BKNG,BMRN,CDNS,CDW,CERN,CHKP,CHTR,CMCSA,COST,CPRT,CSCO,CSX,CTAS,CTSH,CTXS,DLTR,DOCU,DXCM,EA,EBAY,EXC,EXPE,FAST,FI,FOX,FOXA,GILD,GOOG,GOOGL,IDXX,ILMN,INCY,INTC,INTU,ISRG,JD,KDP,KHC,KLAC,LBTYA,LBTYK,LRCX,LULU,MAR,MCHP,MDLZ,MELI,META,MNST,MRNA,MSFT,MU,MXIM,NFLX,NTES,NVDA,NXPI,ORLY,PAYX,PCAR,PDD,PEP,PYPL,QCOM,REGN,ROST,SBUX,SGEN,SIRI,SNPS,SPLK,SWKS,TCOM,TMUS,TSLA,TTWO,TXN,ULTA,VRSK,VRSN,VRTX,WBA,WDAY,XEL,XLNX,ZM"
2021Q2,2021-04-01,2021-06-30,0,0,103,,,"AAPL,ADBE,ADI,ADP,ADSK,ALGN,ALXN,AMAT,AMD,AMGN,AMZN,ANSS,ASML,ATVI,AVGO,BIDU,BIIB,BKNG,BMRN,CDNS,CDW,CERN,CHKP,CHTR,CMCSA,COST,CPRT,CSCO,CSX,CTAS,CTSH,CTXS,DLTR,DOCU,DXCM,EA,EBAY,EXC,EXPE,FAST,FI,FOX,FOXA,GILD,GOOG,GOOGL,IDXX,ILMN,INCY,INTC,INTU,ISRG,JD,KDP,KHC,KLAC,LBTYA,LBTYK,LRCX,LULU,MAR,MCHP,MDLZ,MELI,META,MNST,MRNA,MSFT,MU,MXIM,NFLX,NTES,NVDA,NXPI,ORLY,PAYX,PCAR,PDD,PEP,PYPL,QCOM,REGN,ROST,SBUX,SGEN,SIRI,SNPS,SPLK,SWKS,TCOM,TMUS,TSLA,TTWO,TXN,ULTA,VRSK,VRSN,VRTX,WBA,WDAY,XEL,XLNX,ZM"
2021Q3,2021-07-01,2021-09-30,2,2,102,"CRWD,HON","ALXN,MXIM","AAPL,ADBE,ADI,ADP,ADSK,AEP,ALGN,AMAT,AMD,AMGN,AMZN,ANSS,ASML,ATVI,AVGO,BIDU,BIIB,BKNG,CDNS,CDW,CERN,CHKP,CHTR,CMCSA,COST,CPRT,CSCO,CSX,CTAS,CTSH,DLTR,DOCU,DXCM,EA,EBAY,EXC,FAST,FI,FOX,FOXA,GILD,GOOG,GOOGL,HON,IDXX,ILMN,INCY,INTC,INTU,ISRG,JD,KDP,KHC,KLAC,LRCX,LULU,MAR,MCHP,MDLZ,MELI,META,MNST,MRNA,MRVL,MSFT,MTCH,MU,MXIM,NFLX,NTES,NVDA,NXPI,OKTA,ORLY,PAYX,PCAR,PDD,PEP,PTON,PYPL,QCOM,REGN,ROST,SBUX,SGEN,SIRI,SNPS,SPLK,SWKS,TCOM,TEAM,TMUS,TSLA,TXN,VRSK,VRSN,VRTX,WBA,WDAY,XEL,XLNX,ZM"
2021Q4,2021-10-01,2021-12-31,6,7,102,"ABNB,DDOG,FTNT,LCID,PANW,ZS","CDW,CERN,CHKP,FOX,FOXA,INCY,TCOM","AAPL,ADBE,ADI,ADP,ADSK,AEP,ALGN,AMAT,AMD,AMGN,AMZN,ANSS,ASML,ATVI,AVGO,BIDU,BIIB,BKNG,CDNS,CDW,CERN,CHKP,CHTR,CMCSA,COST,CPRT,CRWD,CSCO,CSX,CTAS,CTSH,DLTR,DOCU,DXCM,EA,EBAY,EXC,FAST,FI,FOX,FOXA,GILD,GOOG,GOOGL,HON,IDXX,ILMN,INCY,INTC,INTU,ISRG,JD,KDP,KHC,KLAC,LRCX,LULU,MAR,MCHP,MDLZ,MELI,META,MNST,MRNA,MRVL,MSFT,MTCH,MU,NFLX,NTES,NVDA,NXPI,OKTA,ORLY,PAYX,PCAR,PDD,PEP,PTON,PYPL,QCOM,REGN,ROST,SBUX,SGEN,SIRI,SNPS,SPLK,SWKS,TCOM,TEAM,TMUS,TSLA,TXN,VRSK,VRSN,VRTX,WBA,WDAY,XEL,XLNX,ZM"
2022Q1,2022-01-01,2022-03-31,3,2,102,"AZN,CEG,ODFL","PTON,XLNX","AAPL,ABNB,ADBE,ADI,ADP,ADSK,AEP,ALGN,AMAT,AMD,AMGN,AMZN,ANSS,ASML,ATVI,AVGO,BIDU,BIIB,BKNG,CDNS,CEG,CHTR,CMCSA,COST,CPRT,CRWD,CSCO,CSX,CTAS,CTSH,DDOG,DLTR,DOCU,DXCM,EA,EBAY,EXC,FAST,FI,FTNT,GILD,GOOG,GOOGL,HON,IDXX,ILMN,INTC,INTU,ISRG,JD,KDP,KHC,KLAC,LCID,LRCX,LULU,MAR,MCHP,MDLZ,MELI,META,MNST,MRNA,MRVL,MSFT,MTCH,MU,NFLX,NTES,NVDA,NXPI,ODFL,OKTA,ORLY,PANW,PAYX,PCAR,PDD,PEP,PYPL,QCOM,REGN,ROST,SBUX,SGEN,SIRI,SNPS,SPLK,SWKS,TEAM,TMUS,TSLA,TXN,VRSK,VRSN,VRTX,WBA,WDAY,XEL,XLNX,ZM,ZS"
2022Q2,2022-04-01,2022-06-30,0,0,102,,,"AAPL,ABNB,ADBE,ADI,ADP,ADSK,AEP,ALGN,AMAT,AMD,AMGN,AMZN,ANSS,ASML,ATVI,AVGO,BIDU,BIIB,BKNG,CDNS,CEG,CHTR,CMCSA,COST,CPRT,CRWD,CSCO,CSX,CTAS,CTSH,DDOG,DLTR,DOCU,DXCM,EA,EBAY,EXC,FAST,FI,FTNT,GILD,GOOG,GOOGL,HON,IDXX,ILMN,INTC,INTU,ISRG,JD,KDP,KHC,KLAC,LCID,LRCX,LULU,MAR,MCHP,MDLZ,MELI,META,MNST,MRNA,MRVL,MSFT,MTCH,MU,NFLX,NTES,NVDA,NXPI,ODFL,OKTA,ORLY,PANW,PAYX,PCAR,PDD,PEP,PYPL,QCOM,REGN,ROST,SBUX,SGEN,SIRI,SNPS,SPLK,SWKS,TEAM,TMUS,TSLA,TXN,VRSK,VRSN,VRTX,WBA,WDAY,XEL,XLNX,ZM,ZS"
2022Q3,2022-07-01,2022-09-30,0,0,102,,,"AAPL,ABNB,ADBE,ADI,ADP,ADSK,AEP,ALGN,AMAT,AMD,AMGN,AMZN,ANSS,ASML,ATVI,AVGO,BIDU,BIIB,BKNG,CDNS,CEG,CHTR,CMCSA,COST,CPRT,CRWD,CSCO,CSX,CTAS,CTSH,DDOG,DLTR,DOCU,DXCM,EA,EBAY,EXC,FAST,FI,FTNT,GILD,GOOG,GOOGL,HON,IDXX,ILMN,INTC,INTU,ISRG,JD,KDP,KHC,KLAC,LCID,LRCX,LULU,MAR,MCHP,MDLZ,MELI,META,MNST,MRNA,MRVL,MSFT,MTCH,MU,NFLX,NTES,NVDA,NXPI,ODFL,OKTA,ORLY,PANW,PAYX,PCAR,PDD,PEP,PYPL,QCOM,REGN,ROST,SBUX,SGEN,SIRI,SNPS,SPLK,SWKS,TEAM,TMUS,TSLA,TXN,VRSK,VRSN,VRTX,WBA,WDAY,XEL,XLNX,ZM,ZS"
2022Q4,2022-10-01,2022-12-31,7,8,102,"BKR,CSGP,ENPH,FANG,GFS,RIVN,WBD","BIDU,DOCU,MTCH,NTES,OKTA,SPLK,SWKS,VRSN","AAPL,ABNB,ADBE,ADI,ADP,ADSK,AEP,ALGN,AMAT,AMD,AMGN,AMZN,ANSS,ASML,ATVI,AVGO,AZN,BIDU,BIIB,BKNG,CDNS,CEG,CHTR,CMCSA,COST,CPRT,CRWD,CSCO,CSX,CTAS,CTSH,DDOG,DLTR,DOCU,DXCM,EA,EBAY,ENPH,EXC,FAST,FI,FTNT,GILD,GOOG,GOOGL,HON,IDXX,ILMN,INTC,INTU,ISRG,JD,KDP,KHC,KLAC,LCID,LRCX,LULU,MAR,MCHP,MDLZ,MELI,META,MNST,MRNA,MRVL,MSFT,MTCH,MU,NFLX,NTES,NVDA,NXPI,ODFL,ORLY,PANW,PAYX,PCAR,PDD,PEP,PYPL,QCOM,REGN,ROST,SBUX,SGEN,SIRI,SNPS,SPLK,SWKS,TEAM,TMUS,TSLA,TXN,VRSK,VRSN,VRTX,WBA,WDAY,XEL,ZM,ZS"
2023Q1,2023-01-01,2023-03-31,0,0,102,,,"AAPL,ABNB,ADBE,ADI,ADP,ADSK,AEP,ALGN,AMAT,AMD,AMGN,AMZN,ANSS,ASML,ATVI,AVGO,AZN,BIDU,BIIB,BKNG,CDNS,CEG,CHTR,CMCSA,COST,CPRT,CRWD,CSCO,CSX,CTAS,CTSH,DDOG,DLTR,DOCU,DXCM,EA,EBAY,ENPH,EXC,FAST,FI,FTNT,GILD,GOOG,GOOGL,HON,IDXX,ILMN,INTC,INTU,ISRG,JD,KDP,KHC,KLAC,LCID,LRCX,LULU,MAR,MCHP,MDLZ,MELI,META,MNST,MRNA,MRVL,MSFT,MTCH,MU,NFLX,NTES,NVDA,NXPI,ODFL,ORLY,PANW,PAYX,PCAR,PDD,PEP,PYPL,QCOM,REGN,ROST,SBUX,SGEN,SIRI,SNPS,SPLK,SWKS,TEAM,TMUS,TSLA,TXN,VRSK,VRSN,VRTX,WBA,WDAY,XEL,ZM,ZS"
2023Q2,2023-04-01,2023-06-30,2,2,101,"GEHC,ON","FI,RIVN","AAPL,ABNB,ADBE,ADI,ADP,ADSK,AEP,ALGN,AMAT,AMD,AMGN,AMZN,ANSS,ASML,ATVI,AVGO,AZN,BIIB,BKNG,BKR,CDNS,CEG,CHTR,CMCSA,COST,CPRT,CRWD,CSCO,CSGP,CSX,CTAS,CTSH,DDOG,DLTR,DXCM,EA,EBAY,ENPH,EXC,FANG,FAST,FTNT,GEHC,GFS,GILD,GOOG,GOOGL,HON,IDXX,ILMN,INTC,INTU,ISRG,JD,KDP,KHC,KLAC,LCID,LRCX,LULU,MAR,MCHP,MDLZ,MELI,META,MNST,MRNA,MRVL,MSFT,MU,NFLX,NVDA,NXPI,ODFL,ORLY,PANW,PAYX,PCAR,PDD,PEP,PYPL,QCOM,REGN,RIVN,ROST,SBUX,SGEN,SIRI,SNPS,TEAM,TMUS,TSLA,TXN,VRSK,VRTX,WBA,WBD,WDAY,XEL,ZM,ZS"
2023Q3,2023-07-01,2023-09-30,1,1,101,TTD,ATVI,"AAPL,ABNB,ADBE,ADI,ADP,ADSK,AEP,ALGN,AMAT,AMD,AMGN,AMZN,ANSS,ASML,ATVI,AVGO,AZN,BIIB,BKNG,BKR,CDNS,CEG,CHTR,CMCSA,COST,CPRT,CRWD,CSCO,CSGP,CSX,CTAS,CTSH,DDOG,DLTR,DXCM,EA,EBAY,ENPH,EXC,FANG,FAST,FTNT,GEHC,GFS,GILD,GOOG,GOOGL,HON,IDXX,ILMN,INTC,INTU,ISRG,JD,KDP,KHC,KLAC,LCID,LRCX,LULU,MAR,MCHP,MDLZ,MELI,META,MNST,MRNA,MRVL,MSFT,MU,NFLX,NVDA,NXPI,ODFL,ON,ORLY,PANW,PAYX,PCAR,PDD,PEP,PYPL,QCOM,REGN,ROST,SBUX,SGEN,SIRI,SNPS,TEAM,TMUS,TSLA,TXN,VRSK,VRTX,WBA,WBD,WDAY,XEL,ZM,ZS"
2023Q4,2023-10-01,2023-12-31,7,7,101,"CCEP,CDW,DASH,MDB,ROP,SPLK,TTWO","ALGN,EBAY,ENPH,JD,LCID,SGEN,ZM","AAPL,ABNB,ADBE,ADI,ADP,ADSK,AEP,ALGN,AMAT,AMD,AMGN,AMZN,ANSS,ASML,AVGO,AZN,BIIB,BKNG,BKR,CDNS,CEG,CHTR,CMCSA,COST,CPRT,CRWD,CSCO,CSGP,CSX,CTAS,CTSH,DDOG,DLTR,DXCM,EA,EBAY,ENPH,EXC,FANG,FAST,FTNT,GEHC,GFS,GILD,GOOG,GOOGL,HON,IDXX,ILMN,INTC,INTU,ISRG,JD,KDP,KHC,KLAC,LCID,LRCX,LULU,MAR,MCHP,MDLZ,MELI,META,MNST,MRNA,MRVL,MSFT,MU,NFLX,NVDA,NXPI,ODFL,ON,ORLY,PANW,PAYX,PCAR,PDD,PEP,PYPL,QCOM,REGN,ROST,SBUX,SIRI,SNPS,TEAM,TMUS,TSLA,TTD,TTWO,TXN,VRSK,VRTX,WBA,WBD,WDAY,XEL,ZM,ZS"
2024Q1,2024-01-01,2024-03-31,1,1,101,LIN,SPLK,"AAPL,ABNB,ADBE,ADI,ADP,ADSK,AEP,AMAT,AMD,AMGN,AMZN,ANSS,ASML,AVGO,AZN,BIIB,BKNG,BKR,CCEP,CDNS,CDW,CEG,CHTR,CMCSA,COST,CPRT,CRWD,CSCO,CSGP,CSX,CTAS,CTSH,DASH,DDOG,DLTR,DXCM,EA,EXC,FANG,FAST,FTNT,GEHC,GFS,GILD,GOOG,GOOGL,HON,IDXX,ILMN,INTC,INTU,ISRG,KDP,KHC,KLAC,LRCX,LULU,MAR,MCHP,MDB,MDLZ,MELI,META,MNST,MRNA,MRVL,MSFT,MU,NFLX,NVDA,NXPI,ODFL,ON,ORLY,PANW,PAYX,PCAR,PDD,PEP,PYPL,QCOM,REGN,ROP,ROST,SBUX,SIRI,SNPS,SPLK,TEAM,TMUS,TSLA,TTD,TTWO,TXN,VRSK,VRTX,WBA,WBD,WDAY,XEL,ZS"
2024Q2,2024-04-01,2024-06-30,1,1,101,ARM,SIRI,"AAPL,ABNB,ADBE,ADI,ADP,ADSK,AEP,AMAT,AMD,AMGN,AMZN,ANSS,ASML,AVGO,AZN,BIIB,BKNG,BKR,CCEP,CDNS,CDW,CEG,CHTR,CMCSA,COST,CPRT,CRWD,CSCO,CSGP,CSX,CTAS,CTSH,DASH,DDOG,DLTR,DXCM,EA,EXC,FANG,FAST,FTNT,GEHC,GFS,GILD,GOOG,GOOGL,HON,IDXX,ILMN,INTC,INTU,ISRG,KDP,KHC,KLAC,LIN,LRCX,LULU,MAR,MCHP,MDB,MDLZ,MELI,META,MNST,MRNA,MRVL,MSFT,MU,NFLX,NVDA,NXPI,ODFL,ON,ORLY,PANW,PAYX,PCAR,PDD,PEP,PYPL,QCOM,REGN,ROP,ROST,SBUX,SIRI,SNPS,TEAM,TMUS,TSLA,TTD,TTWO,TXN,VRSK,VRTX,WBA,WBD,WDAY,XEL,ZS"
2024Q3,2024-07-01,2024-09-30,1,1,101,SMCI,WBA,"AAPL,ABNB,ADBE,ADI,ADP,ADSK,AEP,AMAT,AMD,AMGN,AMZN,ANSS,ARM,ASML,AVGO,AZN,BIIB,BKNG,BKR,CCEP,CDNS,CDW,CEG,CHTR,CMCSA,COST,CPRT,CRWD,CSCO,CSGP,CSX,CTAS,CTSH,DASH,DDOG,DLTR,DXCM,EA,EXC,FANG,FAST,FTNT,GEHC,GFS,GILD,GOOG,GOOGL,HON,IDXX,ILMN,INTC,INTU,ISRG,KDP,KHC,KLAC,LIN,LRCX,LULU,MAR,MCHP,MDB,MDLZ,MELI,META,MNST,MRNA,MRVL,MSFT,MU,NFLX,NVDA,NXPI,ODFL,ON,ORLY,PANW,PAYX,PCAR,PDD,PEP,PYPL,QCOM,REGN,ROP,ROST,SBUX,SNPS,TEAM,TMUS,TSLA,TTD,TTWO,TXN,VRSK,VRTX,WBA,WBD,WDAY,XEL,ZS"
2024Q4,2024-10-01,2024-12-31,4,4,101,"APP,AXON,MSTR,PLTR","DLTR,ILMN,MRNA,SMCI","AAPL,ABNB,ADBE,ADI,ADP,ADSK,AEP,AMAT,AMD,AMGN,AMZN,ANSS,APP,ARM,ASML,AVGO,AZN,BIIB,BKNG,BKR,CCEP,CDNS,CDW,CEG,CHTR,CMCSA,COST,CPRT,CRWD,CSCO,CSGP,CSX,CTAS,CTSH,DASH,DDOG,DXCM,EA,EXC,FANG,FAST,FTNT,GEHC,GFS,GILD,GOOG,GOOGL,HON,IDXX,ILMN,INTC,INTU,ISRG,KDP,KHC,KLAC,LIN,LRCX,LULU,MAR,MCHP,MDB,MDLZ,MELI,META,MNST,MRNA,MRVL,MSFT,MU,NFLX,NVDA,NXPI,ODFL,ON,ORLY,PANW,PAYX,PCAR,PDD,PEP,PYPL,QCOM,REGN,ROP,ROST,SBUX,SMCI,SNPS,TEAM,TMUS,TSLA,TTD,TTWO,TXN,VRSK,VRTX,WBD,WDAY,XEL,ZS"
2025Q1,2025-01-01,2025-03-31,0,0,101,,,"AAPL,ABNB,ADBE,ADI,ADP,ADSK,AEP,AMAT,AMD,AMGN,AMZN,ANSS,APP,ARM,ASML,AVGO,AZN,BIIB,BKNG,BKR,CCEP,CDNS,CDW,CEG,CHTR,CMCSA,COST,CPRT,CRWD,CSCO,CSGP,CSX,CTAS,CTSH,DASH,DDOG,DXCM,EA,EXC,FANG,FAST,FTNT,GEHC,GFS,GILD,GOOG,GOOGL,HON,IDXX,ILMN,INTC,INTU,ISRG,KDP,KHC,KLAC,LIN,LRCX,LULU,MAR,MCHP,MDB,MDLZ,MELI,META,MNST,MRNA,MRVL,MSFT,MU,NFLX,NVDA,NXPI,ODFL,ON,ORLY,PANW,PAYX,PCAR,PDD,PEP,PYPL,QCOM,REGN,ROP,ROST,SBUX,SMCI,SNPS,TEAM,TMUS,TSLA,TTD,TTWO,TXN,VRSK,VRTX,WBD,WDAY,XEL,ZS"
2025Q2,2025-04-01,2025-06-30,1,1,101,SHOP,MDB,"AAPL,ABNB,ADBE,ADI,ADP,ADSK,AEP,AMAT,AMD,AMGN,AMZN,ANSS,APP,ARM,ASML,AVGO,AXON,AZN,BIIB,BKNG,BKR,CCEP,CDNS,CDW,CEG,CHTR,CMCSA,COST,CPRT,CRWD,CSCO,CSGP,CSX,CTAS,CTSH,DASH,DDOG,DXCM,EA,EXC,FANG,FAST,FTNT,GEHC,GFS,GILD,GOOG,GOOGL,HON,IDXX,INTC,INTU,ISRG,KDP,KHC,KLAC,LIN,LRCX,LULU,MAR,MCHP,MDB,MDLZ,MELI,META,MNST,MRVL,MSFT,MSTR,MU,NFLX,NVDA,NXPI,ODFL,ON,ORLY,PANW,PAYX,PCAR,PDD,PEP,PLTR,PYPL,QCOM,REGN,ROP,ROST,SBUX,SNPS,TEAM,TMUS,TSLA,TTD,TTWO,TXN,VRSK,VRTX,WBD,WDAY,XEL,ZS"
2025Q3,2025-07-01,2025-09-30,1,1,100,TRI,ANSS,"AAPL,ABNB,ADBE,ADI,ADP,ADSK,AEP,AMAT,AMD,AMGN,AMZN,APP,ARM,ASML,AVGO,AXON,AZN,BIIB,BKNG,BKR,CCEP,CDNS,CDW,CEG,CHTR,CMCSA,COST,CPRT,CRWD,CSCO,CSGP,CSX,CTAS,CTSH,DASH,DDOG,DXCM,EA,EXC,FANG,FAST,FTNT,GEHC,GFS,GILD,GOOG,GOOGL,HON,IDXX,INTC,INTU,ISRG,KDP,KHC,KLAC,LIN,LRCX,LULU,MAR,MCHP,MDLZ,MELI,META,MNST,MRVL,MSFT,MSTR,MU,NFLX,NVDA,NXPI,ODFL,ON,ORLY,PANW,PAYX,PCAR,PDD,PEP,PLTR,PYPL,QCOM,REGN,ROP,ROST,SBUX,SHOP,SNPS,TEAM,TMUS,TSLA,TTD,TTWO,TXN,VRSK,VRTX,WBD,WDAY,XEL,ZS"
2025Q4,2025-10-01,2025-12-31,7,7,101,"ALNY,FER,INSM,MPWR,SOLS,STX,WDC","BIIB,CDW,GFS,LULU,ON,SOLS,TTD","AAPL,ABNB,ADBE,ADI,ADP,ADSK,AEP,AMAT,AMD,AMGN,AMZN,APP,ARM,ASML,AVGO,AXON,AZN,BIIB,BKNG,BKR,CCEP,CDNS,CDW,CEG,CHTR,CMCSA,COST,CPRT,CRWD,CSCO,CSGP,CSX,CTAS,CTSH,DASH,DDOG,DXCM,EA,EXC,FANG,FAST,FTNT,GEHC,GFS,GILD,GOOG,GOOGL,HON,IDXX,INTC,INTU,ISRG,KDP,KHC,KLAC,LIN,LRCX,LULU,MAR,MCHP,MDLZ,MELI,META,MNST,MRVL,MSFT,MSTR,MU,NFLX,NVDA,NXPI,ODFL,ON,ORLY,PANW,PAYX,PCAR,PDD,PEP,PLTR,PYPL,QCOM,REGN,ROP,ROST,SBUX,SHOP,SNPS,TEAM,TMUS,TRI,TSLA,TTD,TTWO,TXN,VRSK,VRTX,WBD,WDAY,XEL,ZS"
2026Q1,2026-01-01,2026-03-31,2,2,101,"VSNT,WMT","AZN,VSNT","AAPL,ABNB,ADBE,ADI,ADP,ADSK,AEP,ALNY,AMAT,AMD,AMGN,AMZN,APP,ARM,ASML,AVGO,AXON,AZN,BKNG,BKR,CCEP,CDNS,CEG,CHTR,CMCSA,COST,CPRT,CRWD,CSCO,CSGP,CSX,CTAS,CTSH,DASH,DDOG,DXCM,EA,EXC,FANG,FAST,FER,FTNT,GEHC,GILD,GOOG,GOOGL,HON,IDXX,INSM,INTC,INTU,ISRG,KDP,KHC,KLAC,LIN,LRCX,MAR,MCHP,MDLZ,MELI,META,MNST,MPWR,MRVL,MSFT,MSTR,MU,NFLX,NVDA,NXPI,ODFL,ORLY,PANW,PAYX,PCAR,PDD,PEP,PLTR,PYPL,QCOM,REGN,ROP,ROST,SBUX,SHOP,SNPS,STX,TEAM,TMUS,TRI,TSLA,TTWO,TXN,VRSK,VRTX,WBD,WDAY,WDC,XEL,ZS"
2026Q2,2026-04-01,2026-06-24,7,7,101,"ALAB,CRWV,LITE,NBIS,RKLB,SNDK,TER","CHTR,CSGP,CTSH,INSM,TEAM,VRSK,ZS","AAPL,ABNB,ADBE,ADI,ADP,ADSK,AEP,ALNY,AMAT,AMD,AMGN,AMZN,APP,ARM,ASML,AVGO,AXON,BKNG,BKR,CCEP,CDNS,CEG,CHTR,CMCSA,COST,CPRT,CRWD,CSCO,CSX,CTAS,CTSH,DASH,DDOG,DXCM,EA,EXC,FANG,FAST,FER,FTNT,GEHC,GILD,GOOG,GOOGL,HON,IDXX,INSM,INTC,INTU,ISRG,KDP,KHC,KLAC,LIN,LITE,LRCX,MAR,MCHP,MDLZ,MELI,META,MNST,MPWR,MRVL,MSFT,MSTR,MU,NFLX,NVDA,NXPI,ODFL,ORLY,PANW,PAYX,PCAR,PDD,PEP,PLTR,PYPL,QCOM,REGN,ROP,ROST,SBUX,SHOP,SNDK,SNPS,STX,TMUS,TRI,TSLA,TTWO,TXN,VRSK,VRTX,WBD,WDAY,WDC,WMT,XEL,ZS"
