Quarter,Start_Date,End_Date,Nasdaq_Count,SP500_Count,Intersection_Count,Constituents
2007Q1,2007-01-01,2007-03-31,103,497,49,"AAPL,ADBE,ADSK,ALTR,AMAT,AMGN,AMZN,APOL,BBBY,BIIB,BMET,CELG,CHRW,COST,CSCO,CTAS,CTSH,CTXS,DELL,EA,EBAY,ESRX,FOXA,GENZ,GILD,GOOGL,INTC,INTU,JAVA,JNPR,KLAC,LLTC,MEDI,MSFT,NTAP,NVDA,ORCL,PAYX,PCAR,PDCO,QCOM,SBUX,SHLD,SIAL,SNDK,SPLS,TLAB,VRSN,XLNX"
2007Q2,2007-04-01,2007-06-30,103,497,49,"AAPL,ADBE,ADSK,ALTR,AMAT,AMGN,AMZN,APOL,BBBY,BIIB,BMET,CELG,CHRW,COST,CSCO,CTAS,CTSH,CTXS,DELL,EA,EBAY,ESRX,FOXA,GENZ,GILD,GOOGL,INTC,INTU,JAVA,JNPR,KLAC,LLTC,MDLZ,MSFT,NTAP,NVDA,ORCL,PAYX,PCAR,PDCO,QCOM,SBUX,SHLD,SIAL,SNDK,SPLS,TLAB,VRSN,XLNX"
2007Q3,2007-07-01,2007-09-30,103,497,50,"AAPL,ADBE,ADSK,AKAM,ALTR,AMAT,AMGN,AMZN,APOL,BBBY,BIIB,CELG,CHRW,COST,CSCO,CTAS,CTSH,CTXS,DELL,EA,EBAY,ESRX,FOXA,GENZ,GILD,GOOGL,INTC,INTU,JAVA,JNPR,KLAC,LLTC,MCHP,MDLZ,MSFT,NTAP,NVDA,ORCL,PAYX,PCAR,PDCO,QCOM,SBUX,SHLD,SIAL,SNDK,SPLS,TLAB,VRSN,XLNX"
2007Q4,2007-10-01,2007-12-31,103,497,52,"AAPL,ADBE,ADSK,AKAM,ALTR,AMAT,AMGN,AMZN,APOL,BBBY,BIIB,CELG,CHRW,COST,CSCO,CTAS,CTSH,CTXS,DELL,EA,EBAY,ESRX,EXPD,EXPE,FOXA,GENZ,GILD,GOOGL,INTC,INTU,JAVA,JNPR,KLAC,LLTC,MCHP,MDLZ,MSFT,NTAP,NVDA,ORCL,PAYX,PCAR,PDCO,QCOM,SBUX,SHLD,SIAL,SNDK,SPLS,TLAB,VRSN,XLNX"
2008Q1,2008-01-01,2008-03-31,103,497,52,"AAPL,ADBE,ADSK,AKAM,ALTR,AMAT,AMGN,AMZN,APOL,BBBY,BIIB,CELG,CHRW,COST,CSCO,CTAS,CTSH,CTXS,DELL,EA,EBAY,ESRX,EXPD,EXPE,FOXA,GENZ,GILD,GOOGL,INTC,INTU,JAVA,JNPR,KLAC,LLTC,MCHP,MDLZ,MSFT,NTAP,NVDA,ORCL,PAYX,PCAR,PDCO,QCOM,SBUX,SHLD,SIAL,SNDK,SPLS,TLAB,VRSN,XLNX"
2008Q2,2008-04-01,2008-06-30,103,497,54,"AAPL,ADBE,ADSK,AKAM,ALTR,AMAT,AMGN,AMZN,APOL,BBBY,BIIB,CELG,CHRW,COST,CSCO,CTAS,CTSH,CTXS,DELL,DTV,EA,EBAY,ESRX,EXPD,EXPE,FOXA,GENZ,GILD,GOOGL,INTC,INTU,ISRG,JAVA,JNPR,KLAC,LLTC,MCHP,MDLZ,MSFT,NTAP,NVDA,ORCL,PAYX,PCAR,PDCO,QCOM,SBUX,SHLD,SIAL,SNDK,SPLS,TLAB,VRSN,XLNX"
2008Q3,2008-07-01,2008-09-30,103,497,55,"AAPL,ADBE,ADSK,AKAM,ALTR,AMAT,AMGN,AMZN,APOL,BBBY,BIIB,CA,CELG,CHRW,COST,CSCO,CTAS,CTSH,CTXS,DELL,DTV,EA,EBAY,ESRX,EXPD,EXPE,FAST,FOXA,GENZ,GILD,GOOGL,INTC,INTU,ISRG,JAVA,JNPR,KLAC,LLTC,MCHP,MDLZ,MSFT,NTAP,NVDA,ORCL,PAYX,PCAR,PDCO,QCOM,SBUX,SHLD,SIAL,SNDK,SPLS,VRSN,XLNX"
2008Q4,2008-10-01,2008-12-31,103,498,59,"AAPL,ADBE,ADSK,AKAM,ALTR,AMAT,AMGN,AMZN,APOL,BBBY,BIIB,CA,CELG,CEPH,CHRW,COST,CSCO,CTAS,CTSH,CTXS,DELL,DTV,EA,EBAY,ESRX,EXPD,EXPE,FAST,FOXA,GENZ,GILD,GOOGL,INTC,INTU,ISRG,JAVA,JNPR,KLAC,LLTC,MCHP,MDLZ,MSFT,NTAP,NVDA,ORCL,PAYX,PCAR,PDCO,QCOM,SBUX,SHLD,SIAL,SNDK,SPLS,SRCL,VRSN,WYNN,XLNX,XRAY"
2009Q1,2009-01-01,2009-03-31,103,499,62,"AAPL,ADBE,ADP,ADSK,AKAM,ALTR,AMAT,AMGN,AMZN,APOL,BBBY,BIIB,CA,CELG,CEPH,CHRW,COST,CSCO,CTAS,CTSH,CTXS,DELL,DTV,EA,EBAY,ESRX,EXPD,EXPE,FAST,FLIR,FOXA,GENZ,GILD,GOOGL,INTC,INTU,ISRG,JAVA,JNPR,KLAC,LIFE,LLTC,MCHP,MDLZ,MSFT,NTAP,NVDA,ORCL,ORLY,PAYX,PCAR,PDCO,QCOM,SBUX,SHLD,SIAL,SPLS,SRCL,VRSN,WYNN,XLNX,XRAY"
2009Q2,2009-04-01,2009-06-30,103,499,62,"AAPL,ADBE,ADP,ADSK,AKAM,ALTR,AMAT,AMGN,AMZN,APOL,BBBY,BIIB,CA,CELG,CEPH,CHRW,COST,CSCO,CTAS,CTSH,CTXS,DELL,DTV,EA,EBAY,ESRX,EXPD,EXPE,FAST,FLIR,FOXA,GENZ,GILD,GOOGL,INTC,INTU,ISRG,JAVA,JNPR,KLAC,LIFE,LLTC,MCHP,MDLZ,MSFT,NTAP,NVDA,ORCL,ORLY,PAYX,PCAR,PDCO,QCOM,SBUX,SHLD,SIAL,SPLS,SRCL,VRSN,WYNN,XLNX,XRAY"
2009Q3,2009-07-01,2009-09-30,102,499,62,"AAPL,ADBE,ADP,ADSK,AKAM,ALTR,AMAT,AMGN,AMZN,APOL,BBBY,BIIB,CA,CELG,CEPH,CHRW,COST,CSCO,CTAS,CTSH,CTXS,DELL,DTV,EA,EBAY,ESRX,EXPD,EXPE,FAST,FLIR,FOXA,GENZ,GILD,GOOGL,INTC,INTU,ISRG,JAVA,JNPR,KLAC,LIFE,LLTC,MCHP,MDLZ,MSFT,NTAP,NVDA,ORCL,ORLY,PAYX,PCAR,PDCO,QCOM,SBUX,SHLD,SIAL,SPLS,SRCL,VRSN,WYNN,XLNX,XRAY"
2009Q4,2009-10-01,2009-12-31,101,499,63,"AAPL,ADBE,ADP,ADSK,AKAM,ALTR,AMAT,AMGN,AMZN,APOL,BBBY,BIIB,BKNG,CA,CELG,CEPH,CHRW,COST,CSCO,CTAS,CTSH,CTXS,DELL,DTV,EA,EBAY,ESRX,EXPD,EXPE,FAST,FLIR,FOXA,FSLR,GENZ,GILD,GOOGL,INTC,INTU,ISRG,KLAC,LIFE,LLTC,MCHP,MDLZ,MSFT,NTAP,NVDA,ORCL,ORLY,PAYX,PCAR,PDCO,QCOM,ROST,SBUX,SHLD,SIAL,SPLS,SRCL,VRSN,WYNN,XLNX,XRAY"
2010Q1,2010-01-01,2010-03-31,101,499,64,"AAPL,ADBE,ADP,ADSK,AKAM,ALTR,AMAT,AMGN,AMZN,APOL,BBBY,BIIB,BKNG,CA,CELG,CEPH,CHRW,COST,CSCO,CTAS,CTSH,CTXS,DELL,DTV,EA,EBAY,ESRX,EXPD,EXPE,FAST,FLIR,FOXA,FSLR,GENZ,GILD,GOOGL,INTC,INTU,ISRG,KLAC,LIFE,LLTC,MCHP,MDLZ,MSFT,NTAP,NVDA,ORCL,ORLY,PAYX,PCAR,PDCO,QCOM,ROST,SBUX,SHLD,SIAL,SPLS,SRCL,URBN,VRSN,WYNN,XLNX,XRAY"
2010Q2,2010-04-01,2010-06-30,101,499,65,"AAPL,ADBE,ADP,ADSK,AKAM,ALTR,AMAT,AMGN,AMZN,APOL,BBBY,BIIB,BKNG,CA,CELG,CEPH,CERN,CHRW,COST,CSCO,CTAS,CTSH,CTXS,DELL,DTV,EA,EBAY,ESRX,EXPD,EXPE,FAST,FLIR,FOXA,FSLR,GENZ,GILD,GOOGL,INTC,INTU,ISRG,KLAC,LIFE,LLTC,MCHP,MDLZ,MSFT,NTAP,NVDA,ORCL,ORLY,PAYX,PCAR,PDCO,QCOM,ROST,SBUX,SHLD,SIAL,SPLS,SRCL,URBN,VRSN,WYNN,XLNX,XRAY"
2010Q3,2010-07-01,2010-09-30,101,497,65,"AAPL,ADBE,ADP,ADSK,AKAM,ALTR,AMAT,AMGN,AMZN,APOL,BBBY,BIIB,BKNG,CA,CELG,CEPH,CERN,CHRW,COST,CSCO,CTAS,CTSH,CTXS,DELL,DTV,EA,EBAY,ESRX,EXPD,EXPE,FAST,FLIR,FOXA,FSLR,GENZ,GILD,GOOGL,INTC,INTU,ISRG,KLAC,LIFE,LLTC,MCHP,MDLZ,MSFT,NTAP,NVDA,ORCL,ORLY,PAYX,PCAR,PDCO,QCOM,ROST,SBUX,SHLD,SIAL,SPLS,SRCL,URBN,VRSN,WYNN,XLNX,XRAY"
2010Q4,2010-10-01,2010-12-31,101,497,68,"AAPL,ADBE,ADP,ADSK,ALTR,AMAT,AMGN,AMZN,APOL,BBBY,BIIB,BKNG,BMC,CA,CELG,CEPH,CERN,CHRW,COST,CSCO,CTAS,CTSH,CTXS,DELL,DTV,EA,EBAY,ESRX,EXPD,EXPE,FAST,FLIR,FOXA,FSLR,GENZ,GILD,GOOGL,INTC,INTU,ISRG,KLAC,LIFE,LLTC,MAT,MCHP,MDLZ,MSFT,MYL,NTAP,NVDA,ORCL,ORLY,PAYX,PCAR,PDCO,QCOM,ROST,SBUX,SHLD,SIAL,SNDK,SPLS,SRCL,URBN,VRSN,WYNN,XLNX,XRAY"
2011Q1,2011-01-01,2011-03-31,101,497,68,"AAPL,ADBE,ADP,ADSK,ALTR,AMAT,AMGN,AMZN,APOL,BBBY,BIIB,BKNG,BMC,CA,CELG,CEPH,CERN,CHRW,COST,CSCO,CTAS,CTSH,CTXS,DELL,DTV,EA,EBAY,ESRX,EXPD,EXPE,FAST,FLIR,FOXA,FSLR,GENZ,GILD,GOOGL,INTC,INTU,ISRG,KLAC,LIFE,LLTC,MAT,MCHP,MDLZ,MSFT,MYL,NTAP,NVDA,ORCL,ORLY,PAYX,PCAR,PDCO,QCOM,ROST,SBUX,SHLD,SIAL,SNDK,SPLS,SRCL,URBN,VRSN,WYNN,XLNX,XRAY"
2011Q2,2011-04-01,2011-06-30,101,497,70,"AAPL,ADBE,ADP,ADSK,AKAM,ALTR,AMAT,AMGN,AMZN,APOL,BBBY,BIIB,BKNG,BMC,CA,CELG,CEPH,CERN,CHRW,COST,CSCO,CTSH,CTXS,DELL,DTV,EA,EBAY,ESRX,EXPD,EXPE,FAST,FFIV,FLIR,FOXA,FSLR,GILD,GOOGL,INTC,INTU,ISRG,KLAC,LIFE,LLTC,MAT,MCHP,MDLZ,MSFT,MU,MYL,NFLX,NTAP,NVDA,ORCL,ORLY,PAYX,PCAR,QCOM,ROST,SBUX,SHLD,SIAL,SNDK,SPLS,SRCL,URBN,VRSN,WFM,WYNN,XLNX,XRAY"
2011Q3,2011-07-01,2011-09-30,101,497,70,"AAPL,ADBE,ADP,ADSK,AKAM,ALTR,AMAT,AMGN,AMZN,APOL,BBBY,BIIB,BKNG,BMC,CA,CELG,CEPH,CERN,CHRW,COST,CSCO,CTSH,CTXS,DELL,DTV,EA,EBAY,ESRX,EXPD,EXPE,FAST,FFIV,FLIR,FOXA,FSLR,GILD,GOOGL,INTC,INTU,ISRG,KLAC,LIFE,LLTC,MAT,MCHP,MDLZ,MSFT,MU,MYL,NFLX,NTAP,NVDA,ORCL,ORLY,PAYX,PCAR,QCOM,ROST,SBUX,SHLD,SIAL,SNDK,SPLS,SRCL,URBN,VRSN,WFM,WYNN,XLNX,XRAY"
2011Q4,2011-10-01,2011-12-31,101,497,71,"AAPL,ADBE,ADP,ADSK,AKAM,ALTR,AMAT,AMGN,AMZN,APOL,BBBY,BIIB,BKNG,BMC,CA,CELG,CERN,CHRW,COST,CSCO,CTSH,CTXS,DELL,DLTR,DTV,EA,EBAY,ESRX,EXPD,EXPE,FAST,FFIV,FLIR,FOXA,FSLR,GILD,GOOGL,INTC,INTU,ISRG,KLAC,LIFE,LLTC,MAT,MCHP,MDLZ,MSFT,MU,MYL,NFLX,NTAP,NVDA,ORCL,ORLY,PAYX,PCAR,PRGO,QCOM,ROST,SBUX,SHLD,SIAL,SNDK,SPLS,SRCL,URBN,VRSN,WFM,WYNN,XLNX,XRAY"
2012Q1,2012-01-01,2012-03-31,101,497,71,"AAPL,ADBE,ADP,ADSK,AKAM,ALTR,AMAT,AMGN,AMZN,APOL,BBBY,BIIB,BKNG,BMC,CA,CELG,CERN,CHRW,COST,CSCO,CTSH,CTXS,DELL,DLTR,DTV,EA,EBAY,ESRX,EXPD,EXPE,FAST,FFIV,FLIR,FOXA,FSLR,GILD,GOOGL,INTC,INTU,ISRG,KLAC,LIFE,LLTC,MAT,MCHP,MDLZ,MSFT,MU,MYL,NFLX,NTAP,NVDA,ORCL,ORLY,PAYX,PCAR,PRGO,QCOM,ROST,SBUX,SHLD,SIAL,SNDK,SPLS,SRCL,URBN,VRSN,WFM,WYNN,XLNX,XRAY"
2012Q2,2012-04-01,2012-06-30,101,497,73,"AAPL,ADBE,ADP,ADSK,AKAM,ALTR,ALXN,AMAT,AMGN,AMZN,APOL,BBBY,BIIB,BKNG,BMC,CA,CELG,CERN,CHRW,COST,CSCO,CTSH,CTXS,DELL,DLTR,DTV,EA,EBAY,ESRX,EXPD,EXPE,FAST,FFIV,FOSL,FOXA,GILD,GOOGL,INTC,INTU,ISRG,KLAC,LIFE,LLTC,LRCX,MAT,MCHP,MDLZ,MNST,MSFT,MU,MYL,NFLX,NTAP,NVDA,ORCL,ORLY,PAYX,PCAR,PRGO,QCOM,ROST,SBUX,SHLD,SIAL,SNDK,SPLS,SRCL,TXN,VRSN,WFM,WYNN,XLNX,XRAY"
2012Q3,2012-07-01,2012-09-30,101,497,74,"AAPL,ADBE,ADP,ADSK,AKAM,ALTR,ALXN,AMAT,AMGN,AMZN,APOL,BBBY,BIIB,BKNG,BMC,CA,CELG,CERN,CHRW,COST,CSCO,CTSH,CTXS,DELL,DLTR,DTV,EA,EBAY,ESRX,EXPD,EXPE,FAST,FFIV,FOSL,FOXA,GILD,GOOGL,INTC,INTU,ISRG,KLAC,LIFE,LLTC,LRCX,MAT,MCHP,MDLZ,MNST,MSFT,MU,MYL,NFLX,NTAP,NVDA,ORCL,ORLY,PAYX,PCAR,PRGO,QCOM,ROST,SBUX,SIAL,SNDK,SPLS,SRCL,STX,TXN,VIAB,VRSN,WFM,WYNN,XLNX,XRAY"
2012Q4,2012-10-01,2012-12-31,100,497,75,"AAPL,ADBE,ADP,ADSK,AKAM,ALTR,ALXN,AMAT,AMGN,AMZN,APOL,BBBY,BIIB,BKNG,BMC,CA,CELG,CERN,CHRW,COST,CSCO,CTSH,CTXS,DELL,DLTR,DTV,EA,EBAY,ESRX,EXPD,EXPE,FAST,FFIV,FOSL,FOXA,GILD,GOOGL,GRMN,INTC,INTU,ISRG,KLAC,LIFE,LLTC,LRCX,MAT,MCHP,MDLZ,MNST,MSFT,MU,MYL,NFLX,NTAP,NVDA,ORCL,ORLY,PAYX,PCAR,PRGO,QCOM,ROST,SBUX,SIAL,SNDK,SPLS,SRCL,STX,TXN,VIAB,VRSN,WFM,WYNN,XLNX,XRAY"
2013Q1,2013-01-01,2013-03-31,100,497,73,"AAPL,ADBE,ADI,ADP,ADSK,AKAM,ALTR,ALXN,AMAT,AMGN,AMZN,BBBY,BIIB,BKNG,BMC,CA,CELG,CERN,CHRW,COST,CSCO,CTSH,CTXS,DELL,DISCA,DLTR,DTV,EBAY,ESRX,EXPD,EXPE,FAST,FFIV,FOSL,FOXA,GILD,GOOGL,GRMN,INTC,INTU,ISRG,KLAC,LIFE,LLTC,MAT,MCHP,MDLZ,MNST,MSFT,MU,MYL,NTAP,NVDA,ORCL,ORLY,PAYX,PCAR,PRGO,QCOM,ROST,SBUX,SIAL,SNDK,SPLS,SRCL,STX,TXN,VIAB,WDC,WFM,WYNN,XLNX,XRAY"
2013Q2,2013-04-01,2013-06-30,100,497,75,"AAPL,ADBE,ADI,ADP,ADSK,AKAM,ALTR,ALXN,AMAT,AMGN,AMZN,BBBY,BIIB,BKNG,BMC,CA,CELG,CERN,CHRW,COST,CSCO,CTSH,CTXS,DELL,DISCA,DLTR,DTV,EBAY,ESRX,EXPD,EXPE,FAST,FFIV,FOSL,FOXA,GILD,GOOGL,GRMN,INTC,INTU,ISRG,KLAC,KRFT,LIFE,LLTC,MAT,MCHP,MDLZ,MNST,MSFT,MU,MYL,NTAP,NVDA,ORCL,ORLY,PAYX,PCAR,PRGO,QCOM,REGN,ROST,SBUX,SIAL,SNDK,SPLS,SRCL,STX,TXN,VIAB,WDC,WFM,WYNN,XLNX,XRAY"
2013Q3,2013-07-01,2013-09-30,100,497,74,"AAPL,ADBE,ADI,ADP,ADSK,AKAM,ALTR,ALXN,AMAT,AMGN,AMZN,BBBY,BIIB,BKNG,CA,CELG,CERN,CHRW,COST,CSCO,CTSH,CTXS,DELL,DISCA,DLTR,DTV,EBAY,ESRX,EXPD,EXPE,FAST,FFIV,FOSL,FOXA,GILD,GOOGL,GRMN,INTC,INTU,ISRG,KLAC,KRFT,LIFE,LLTC,MAT,MCHP,MDLZ,MNST,MSFT,MU,MYL,NFLX,NTAP,NVDA,ORLY,PAYX,PCAR,QCOM,REGN,ROST,SBUX,SIAL,SNDK,SPLS,SRCL,STX,TXN,VIAB,VRTX,WDC,WFM,WYNN,XLNX,XRAY"
2013Q4,2013-10-01,2013-12-31,100,497,73,"AAPL,ADBE,ADI,ADP,ADSK,AKAM,ALTR,ALXN,AMAT,AMGN,AMZN,BBBY,BIIB,BKNG,CA,CELG,CERN,CHRW,COST,CSCO,CTSH,CTXS,DISCA,DLTR,DTV,EBAY,ESRX,EXPD,EXPE,FAST,FFIV,FOSL,FOXA,GILD,GOOGL,GRMN,INTC,INTU,ISRG,KLAC,KRFT,LLTC,MAR,MAT,MCHP,MDLZ,MNST,MSFT,MU,MYL,NFLX,NTAP,NVDA,ORLY,PAYX,PCAR,QCOM,REGN,ROST,SBUX,SIAL,SNDK,SPLS,SRCL,STX,TXN,VIAB,VRTX,WDC,WFM,WYNN,XLNX,XRAY"
2014Q1,2014-01-01,2014-03-31,100,497,74,"AAPL,ADBE,ADI,ADP,ADSK,AKAM,ALTR,ALXN,AMAT,AMGN,AMZN,BBBY,BIIB,BKNG,CA,CELG,CERN,CHRW,COST,CSCO,CTSH,CTXS,DISCA,DLTR,DTV,EBAY,ESRX,EXPD,EXPE,FAST,FFIV,FOSL,FOXA,GILD,GMCR,GOOGL,GRMN,INTC,INTU,ISRG,KLAC,KRFT,LLTC,MAR,MAT,MCHP,MDLZ,MNST,MSFT,MU,MYL,NFLX,NTAP,NVDA,ORLY,PAYX,PCAR,QCOM,REGN,ROST,SBUX,SIAL,SNDK,SPLS,SRCL,STX,TXN,VIAB,VRTX,WDC,WFM,WYNN,XLNX,XRAY"
2014Q2,2014-04-01,2014-06-30,100,498,74,"AAPL,ADBE,ADI,ADP,ADSK,AKAM,ALTR,ALXN,AMAT,AMGN,AMZN,AVGO,BBBY,BIIB,BKNG,CA,CELG,CERN,CHRW,COST,CSCO,CTSH,CTXS,DISCA,DLTR,DTV,EBAY,ESRX,EXPD,EXPE,FAST,FFIV,FOXA,GILD,GMCR,GOOGL,GRMN,INTC,INTU,ISRG,KLAC,KRFT,LLTC,MAR,MAT,MDLZ,MNST,MSFT,MU,MYL,NFLX,NTAP,NVDA,ORLY,PAYX,PCAR,QCOM,REGN,ROST,SBUX,SIAL,SNDK,SPLS,SRCL,STX,TRIP,TSCO,TXN,VIAB,VRTX,WDC,WFM,WYNN,XLNX"
2014Q3,2014-07-01,2014-09-30,100,499,75,"AAPL,ADBE,ADI,ADP,ADSK,AKAM,ALTR,ALXN,AMAT,AMGN,AMZN,AVGO,BBBY,BIIB,BKNG,CA,CELG,CERN,CHRW,COST,CSCO,CTSH,CTXS,DISCA,DISCK,DLTR,DTV,EBAY,ESRX,EXPD,EXPE,FAST,FFIV,FOXA,GILD,GMCR,GOOGL,GRMN,INTC,INTU,ISRG,KLAC,KRFT,LLTC,MAR,MAT,MDLZ,MNST,MSFT,MU,MYL,NFLX,NTAP,NVDA,ORLY,PAYX,PCAR,QCOM,REGN,ROST,SBUX,SIAL,SNDK,SPLS,SRCL,STX,TRIP,TSCO,TXN,VIAB,VRTX,WDC,WFM,WYNN,XLNX"
2014Q4,2014-10-01,2014-12-31,101,499,76,"AAPL,ADBE,ADI,ADP,ADSK,AKAM,ALTR,ALXN,AMAT,AMGN,AMZN,AVGO,BBBY,BIIB,BKNG,CA,CELG,CERN,CHRW,COST,CSCO,CTSH,CTXS,DISCA,DISCK,DLTR,DTV,EBAY,ESRX,EXPD,EXPE,FAST,FFIV,FOXA,GILD,GMCR,GOOG,GOOGL,GRMN,INTC,INTU,ISRG,KLAC,KRFT,LLTC,MAR,MAT,MDLZ,MNST,MSFT,MU,MYL,NFLX,NTAP,NVDA,ORLY,PAYX,PCAR,QCOM,REGN,ROST,SBUX,SIAL,SNDK,SPLS,SRCL,STX,TRIP,TSCO,TXN,VIAB,VRTX,WDC,WFM,WYNN,XLNX"
2015Q1,2015-01-01,2015-03-31,104,500,80,"AAL,AAPL,ADBE,ADI,ADP,ADSK,AKAM,ALTR,ALXN,AMAT,AMGN,AMZN,AVGO,BBBY,BIIB,BKNG,CA,CELG,CERN,CHRW,CMCSA,COST,CSCO,CTSH,CTXS,DISCA,DISCK,DLTR,DTV,EA,EBAY,EQIX,ESRX,EXPD,FAST,FOXA,GILD,GMCR,GOOG,GOOGL,GRMN,HSIC,INTC,INTU,ISRG,KLAC,KRFT,LLTC,LRCX,MAR,MAT,MDLZ,MNST,MSFT,MU,MYL,NFLX,NTAP,NVDA,ORLY,PAYX,PCAR,QCOM,REGN,ROST,SBUX,SIAL,SNDK,SPLS,SRCL,STX,TRIP,TSCO,TXN,VIAB,VRTX,WDC,WFM,WYNN,XLNX"
2015Q2,2015-04-01,2015-06-30,104,499,80,"AAL,AAPL,ADBE,ADI,ADP,ADSK,AKAM,ALTR,ALXN,AMAT,AMGN,AMZN,AVGO,BBBY,BIIB,BKNG,CA,CELG,CERN,CHRW,CMCSA,COST,CSCO,CTSH,CTXS,DISCA,DISCK,DLTR,DTV,EA,EBAY,EQIX,ESRX,EXPD,FAST,FOXA,GILD,GMCR,GOOG,GOOGL,GRMN,HSIC,INTC,INTU,ISRG,KLAC,KRFT,LLTC,LRCX,MAR,MAT,MDLZ,MNST,MSFT,MU,MYL,NFLX,NTAP,NVDA,ORLY,PAYX,PCAR,QCOM,REGN,ROST,SBUX,SIAL,SNDK,SPLS,SRCL,STX,TRIP,TSCO,TXN,VIAB,VRTX,WDC,WFM,WYNN,XLNX"
2015Q3,2015-07-01,2015-09-30,105,503,80,"AAL,AAPL,ADBE,ADI,ADP,ADSK,AKAM,ALTR,ALXN,AMAT,AMGN,AMZN,ATVI,AVGO,BBBY,BIIB,BKNG,CA,CELG,CERN,CHRW,CMCSA,COST,CSCO,CTSH,CTXS,DISCA,DISCK,DLTR,EA,EBAY,ESRX,EXPD,FAST,FOX,FOXA,GILD,GMCR,GOOG,GOOGL,GRMN,HSIC,INTC,INTU,ISRG,KHC,KLAC,LLTC,LRCX,MAR,MAT,MDLZ,MNST,MSFT,MU,MYL,NFLX,NTAP,NVDA,ORLY,PAYX,PCAR,QCOM,REGN,ROST,SBUX,SNDK,SPLS,SRCL,STX,TRIP,TSCO,TXN,VIAB,VRTX,WBA,WDC,WFM,WYNN,XLNX"
2015Q4,2015-10-01,2015-12-31,106,502,82,"AAL,AAPL,ADBE,ADI,ADP,ADSK,AKAM,ALXN,AMAT,AMGN,AMZN,ATVI,BBBY,BIIB,BKNG,CA,CELG,CERN,CHRW,CMCSA,COST,CSCO,CTSH,CTXS,DISCA,DISCK,DLTR,EA,EBAY,ESRX,EXPD,FAST,FOX,FOXA,GILD,GMCR,GOOG,GOOGL,GRMN,HSIC,ILMN,INTC,INTU,ISRG,KHC,KLAC,LLTC,LRCX,MAR,MAT,MDLZ,MNST,MSFT,MU,MYL,NFLX,NTAP,NVDA,ORLY,PAYX,PCAR,PYPL,QCOM,REGN,ROST,SBUX,SNDK,SPLS,SRCL,STX,SWKS,TRIP,TSCO,TXN,VIAB,VRSK,VRTX,WBA,WDC,WFM,WYNN,XLNX"
2016Q1,2016-01-01,2016-03-31,105,505,79,"AAL,AAPL,ADBE,ADI,ADP,ADSK,AKAM,ALXN,AMAT,AMGN,AMZN,ATVI,AVGO,BBBY,BIIB,BKNG,CA,CELG,CERN,CMCSA,COST,CSCO,CSX,CTSH,CTXS,DISCA,DISCK,DLTR,EA,EBAY,ENDP,ESRX,EXPE,FAST,FOX,FOXA,GILD,GOOG,GOOGL,HSIC,ILMN,INTC,INTU,ISRG,KHC,LLTC,LRCX,MAR,MAT,MDLZ,MNST,MSFT,MU,MYL,NFLX,NTAP,NVDA,ORLY,PAYX,PCAR,PYPL,QCOM,REGN,ROST,SBUX,SNDK,SRCL,STX,SWKS,TRIP,TSCO,TXN,VIAB,VRSK,VRTX,WBA,WDC,WFM,XLNX"
2016Q2,2016-04-01,2016-06-30,107,505,79,"AAL,AAPL,ADBE,ADI,ADP,ADSK,AKAM,ALXN,AMAT,AMGN,AMZN,ATVI,AVGO,BBBY,BIIB,BKNG,CA,CELG,CERN,CMCSA,COST,CSCO,CSX,CTSH,CTXS,DISCA,DISCK,DLTR,EA,EBAY,ENDP,ESRX,EXPE,FAST,FOX,FOXA,GILD,GOOG,GOOGL,HSIC,ILMN,INTC,INTU,ISRG,KHC,LLTC,LRCX,MAR,MAT,MDLZ,MNST,MSFT,MU,MYL,NFLX,NTAP,NVDA,ORLY,PAYX,PCAR,PYPL,QCOM,REGN,ROST,SBUX,SRCL,STX,SWKS,TRIP,TSCO,TXN,ULTA,VIAB,VRSK,VRTX,WBA,WDC,WFM,XLNX"
2016Q3,2016-07-01,2016-09-30,104,506,81,"AAL,AAPL,ADBE,ADI,ADP,ADSK,AKAM,ALXN,AMAT,AMGN,AMZN,ATVI,AVGO,BBBY,BIIB,BKNG,CA,CELG,CERN,CHTR,CMCSA,COST,CSCO,CSX,CTSH,CTXS,DISCA,DISCK,DLTR,EA,EBAY,ENDP,ESRX,EXPE,FAST,FOX,FOXA,GILD,GOOG,GOOGL,HSIC,ILMN,INTC,INTU,ISRG,KHC,LLTC,LRCX,MAR,MAT,MDLZ,MNST,MSFT,MU,MYL,NFLX,NTAP,NVDA,ORLY,PAYX,PCAR,PYPL,QCOM,REGN,ROST,SBUX,SRCL,STX,SWKS,TRIP,TSCO,TXN,ULTA,VIAB,VRSK,VRTX,WBA,WDC,WFM,XLNX,XRAY"
2016Q4,2016-10-01,2016-12-31,104,506,80,"AAL,AAPL,ADBE,ADI,ADP,ADSK,AKAM,ALXN,AMAT,AMGN,AMZN,ATVI,AVGO,BBBY,BIIB,BKNG,CA,CELG,CERN,CHTR,CMCSA,COST,CSCO,CSX,CTSH,CTXS,DISCA,DISCK,DLTR,EA,EBAY,ESRX,EXPE,FAST,FOX,FOXA,GILD,GOOG,GOOGL,HSIC,ILMN,INTC,INTU,ISRG,KHC,LRCX,MAR,MAT,MCHP,MDLZ,MNST,MSFT,MU,MYL,NFLX,NTAP,NVDA,ORLY,PAYX,PCAR,PYPL,QCOM,REGN,ROST,SBUX,SRCL,STX,SWKS,TRIP,TSCO,TXN,ULTA,VIAB,VRSK,VRTX,WBA,WDC,WFM,XLNX,XRAY"
2017Q1,2017-01-01,2017-03-31,104,506,83,"AAL,AAPL,ADBE,ADI,ADP,ADSK,AKAM,ALXN,AMAT,AMGN,AMZN,ATVI,AVGO,BIIB,BKNG,CA,CELG,CERN,CHTR,CMCSA,COST,CSCO,CSX,CTAS,CTSH,CTXS,DISCA,DISCK,DISH,DLTR,EA,EBAY,ESRX,EXPE,FAST,FOX,FOXA,GILD,GOOG,GOOGL,HAS,HOLX,HSIC,ILMN,INCY,INTC,INTU,ISRG,JBHT,KHC,KLAC,LRCX,MAR,MAT,MCHP,MDLZ,MNST,MSFT,MU,MYL,NFLX,NVDA,ORLY,PAYX,PCAR,PYPL,QCOM,REGN,ROST,SBUX,STX,SWKS,TRIP,TSCO,TXN,ULTA,VIAB,VRSK,VRTX,WBA,WDC,XLNX,XRAY"
2017Q2,2017-04-01,2017-06-30,104,506,84,"AAL,AAPL,ADBE,ADI,ADP,ADSK,AKAM,ALXN,AMAT,AMGN,AMZN,ATVI,AVGO,BIIB,BKNG,CA,CELG,CERN,CHTR,CMCSA,COST,CSCO,CSX,CTAS,CTSH,CTXS,DISCA,DISCK,DISH,DLTR,EA,EBAY,ESRX,EXPE,FAST,FOX,FOXA,GILD,GOOG,GOOGL,HAS,HOLX,HSIC,IDXX,ILMN,INCY,INTC,INTU,ISRG,JBHT,KHC,KLAC,LRCX,MAR,MAT,MCHP,MDLZ,MNST,MSFT,MU,MYL,NFLX,NVDA,ORLY,PAYX,PCAR,PYPL,QCOM,REGN,ROST,SBUX,STX,SWKS,TSCO,TXN,ULTA,VIAB,VRSK,VRTX,WBA,WDC,WYNN,XLNX,XRAY"
2017Q3,2017-07-01,2017-09-30,104,506,84,"AAL,AAPL,ADBE,ADI,ADP,ADSK,AKAM,ALXN,AMAT,AMGN,AMZN,ATVI,AVGO,BIIB,BKNG,CA,CELG,CERN,CHTR,CMCSA,COST,CSCO,CSX,CTAS,CTSH,CTXS,DISCA,DISCK,DISH,DLTR,EA,EBAY,ESRX,EXPE,FAST,FOX,FOXA,GILD,GOOG,GOOGL,HAS,HOLX,HSIC,IDXX,ILMN,INCY,INTC,INTU,ISRG,JBHT,KHC,KLAC,LRCX,MAR,MAT,MCHP,MDLZ,MNST,MSFT,MU,MYL,NFLX,NVDA,ORLY,PAYX,PCAR,PYPL,QCOM,REGN,ROST,SBUX,STX,SWKS,TSCO,TXN,ULTA,VIAB,VRSK,VRTX,WBA,WDC,WYNN,XLNX,XRAY"
2017Q4,2017-10-01,2017-12-31,104,505,85,"AAL,AAPL,ADBE,ADI,ADP,ADSK,AKAM,ALGN,ALXN,AMAT,AMGN,AMZN,ATVI,AVGO,BIIB,BKNG,CA,CELG,CERN,CHTR,CMCSA,COST,CSCO,CSX,CTAS,CTSH,CTXS,DISCA,DISCK,DISH,DLTR,EA,EBAY,ESRX,EXPE,FAST,FOX,FOXA,GILD,GOOG,GOOGL,HAS,HOLX,HSIC,IDXX,ILMN,INCY,INTC,INTU,ISRG,JBHT,KHC,KLAC,LRCX,MAR,MCHP,MDLZ,MNST,MSFT,MU,MYL,NCLH,NFLX,NVDA,ORLY,PAYX,PCAR,PYPL,QCOM,REGN,ROST,SBUX,STX,SWKS,TSCO,TXN,ULTA,VIAB,VRSK,VRTX,WBA,WDC,WYNN,XLNX,XRAY"
2018Q1,2018-01-01,2018-03-31,104,506,85,"AAL,AAPL,ADBE,ADI,ADP,ADSK,AKAM,ALGN,ALXN,AMAT,AMGN,AMZN,ATVI,AVGO,BIIB,BKNG,CA,CELG,CERN,CHTR,CMCSA,COST,CSCO,CSX,CTAS,CTSH,CTXS,DISCA,DISCK,DISH,DLTR,EA,EBAY,ESRX,EXPE,FAST,FOX,FOXA,GILD,GOOG,GOOGL,HAS,HOLX,HSIC,IDXX,ILMN,INCY,INTC,INTU,ISRG,JBHT,KHC,KLAC,LRCX,MAR,MCHP,MDLZ,MNST,MSFT,MU,MYL,NCLH,NFLX,NVDA,ORLY,PAYX,PCAR,PYPL,QCOM,REGN,ROST,SBUX,STX,SWKS,TSCO,TXN,ULTA,VIAB,VRSK,VRTX,WBA,WDC,WYNN,XLNX,XRAY"
2018Q2,2018-04-01,2018-06-30,104,506,85,"AAL,AAPL,ADBE,ADI,ADP,ADSK,AKAM,ALGN,ALXN,AMAT,AMGN,AMZN,ATVI,AVGO,BIIB,BKNG,CA,CELG,CERN,CHTR,CMCSA,COST,CSCO,CSX,CTAS,CTSH,CTXS,DISCA,DISCK,DISH,DLTR,EA,EBAY,ESRX,EXPE,FAST,FOX,FOXA,GILD,GOOG,GOOGL,HAS,HOLX,HSIC,IDXX,ILMN,INCY,INTC,INTU,ISRG,JBHT,KHC,KLAC,LRCX,MAR,MCHP,MDLZ,MNST,MSFT,MU,MYL,NCLH,NFLX,NVDA,ORLY,PAYX,PCAR,PYPL,QCOM,REGN,ROST,SBUX,STX,SWKS,TSCO,TXN,ULTA,VIAB,VRSK,VRTX,WBA,WDC,WYNN,XLNX,XRAY"
2018Q3,2018-07-01,2018-09-30,103,505,82,"AAL,AAPL,ADBE,ADI,ADP,ADSK,ALGN,ALXN,AMAT,AMGN,AMZN,ATVI,AVGO,BIIB,BKNG,CA,CDNS,CELG,CERN,CHTR,CMCSA,COST,CSCO,CSX,CTAS,CTSH,CTXS,DISH,DLTR,EA,EBAY,ESRX,EXPE,FAST,FOX,FOXA,GILD,GOOG,GOOGL,HAS,HOLX,HSIC,IDXX,ILMN,INCY,INTC,INTU,ISRG,JBHT,KHC,KLAC,LRCX,MAR,MCHP,MDLZ,MNST,MSFT,MU,MYL,NFLX,NVDA,ORLY,PAYX,PCAR,PYPL,QCOM,REGN,ROST,SBUX,SNPS,STX,SWKS,TTWO,TXN,ULTA,VRSK,VRTX,WBA,WDC,WYNN,XLNX,XRAY"
2018Q4,2018-10-01,2018-12-31,103,505,81,"AAL,AAPL,ADBE,ADI,ADP,ADSK,ALGN,ALXN,AMAT,AMGN,AMZN,ATVI,AVGO,BIIB,BKNG,CDNS,CELG,CERN,CHTR,CMCSA,COST,CSCO,CSX,CTAS,CTSH,CTXS,DLTR,EA,EBAY,EXPE,FAST,FOX,FOXA,GILD,GOOG,GOOGL,HAS,HOLX,HSIC,IDXX,ILMN,INCY,INTC,INTU,ISRG,JBHT,KHC,KLAC,LRCX,MAR,MCHP,MDLZ,MNST,MSFT,MU,MXIM,MYL,NFLX,NVDA,ORLY,PAYX,PCAR,PEP,PYPL,QCOM,REGN,ROST,SBUX,SNPS,STX,SWKS,TTWO,TXN,ULTA,VRSK,VRTX,WBA,WDC,WYNN,XEL,XLNX"
2019Q1,2019-01-01,2019-03-31,103,505,83,"AAL,AAPL,ADBE,ADI,ADP,ADSK,ALGN,ALXN,AMAT,AMD,AMGN,AMZN,ATVI,AVGO,BIIB,BKNG,CDNS,CELG,CERN,CHTR,CMCSA,COST,CSCO,CSX,CTAS,CTSH,CTXS,DLTR,EA,EBAY,EXPE,FAST,FOX,FOXA,GILD,GOOG,GOOGL,HAS,HSIC,IDXX,ILMN,INCY,INTC,INTU,ISRG,JBHT,KHC,KLAC,LRCX,MAR,MCHP,MDLZ,MNST,MSFT,MU,MXIM,MYL,NFLX,NTAP,NVDA,ORLY,PAYX,PCAR,PEP,PYPL,QCOM,REGN,ROST,SBUX,SNPS,SWKS,TTWO,TXN,UAL,ULTA,VRSK,VRSN,VRTX,WBA,WDC,WYNN,XEL,XLNX"
2019Q2,2019-04-01,2019-06-30,103,505,83,"AAL,AAPL,ADBE,ADI,ADP,ADSK,ALGN,ALXN,AMAT,AMD,AMGN,AMZN,ATVI,AVGO,BIIB,BKNG,CDNS,CELG,CERN,CHTR,CMCSA,COST,CSCO,CSX,CTAS,CTSH,CTXS,DLTR,EA,EBAY,EXPE,FAST,FOX,FOXA,GILD,GOOG,GOOGL,HAS,HSIC,IDXX,ILMN,INCY,INTC,INTU,ISRG,JBHT,KHC,KLAC,LRCX,MAR,MCHP,MDLZ,MNST,MSFT,MU,MXIM,MYL,NFLX,NTAP,NVDA,ORLY,PAYX,PCAR,PEP,PYPL,QCOM,REGN,ROST,SBUX,SNPS,SWKS,TTWO,TXN,UAL,ULTA,VRSK,VRSN,VRTX,WBA,WDC,WYNN,XEL,XLNX"
2019Q3,2019-07-01,2019-09-30,103,505,84,"AAL,AAPL,ADBE,ADI,ADP,ADSK,ALGN,ALXN,AMAT,AMD,AMGN,AMZN,ATVI,AVGO,BIIB,BKNG,CDNS,CELG,CERN,CHTR,CMCSA,COST,CSCO,CSX,CTAS,CTSH,CTXS,DLTR,EA,EBAY,EXPE,FAST,FOX,FOXA,GILD,GOOG,GOOGL,HAS,HSIC,IDXX,ILMN,INCY,INTC,INTU,ISRG,JBHT,KHC,KLAC,LRCX,MAR,MCHP,MDLZ,MNST,MSFT,MU,MXIM,MYL,NFLX,NTAP,NVDA,ORLY,PAYX,PCAR,PEP,PYPL,QCOM,REGN,ROST,SBUX,SNPS,SWKS,TMUS,TTWO,TXN,UAL,ULTA,VRSK,VRSN,VRTX,WBA,WDC,WYNN,XEL,XLNX"
2019Q4,2019-10-01,2019-12-31,103,505,85,"AAL,AAPL,ADBE,ADI,ADP,ADSK,ALGN,ALXN,AMAT,AMD,AMGN,AMZN,ATVI,AVGO,BIIB,BKNG,CDNS,CERN,CHTR,CMCSA,COST,CSCO,CSX,CTAS,CTSH,CTXS,DLTR,EA,EBAY,EXC,EXPE,FAST,FOX,FOXA,GILD,GOOG,GOOGL,HAS,HSIC,IDXX,ILMN,INCY,INTC,INTU,ISRG,JBHT,KHC,KLAC,LRCX,MAR,MCHP,MDLZ,MNST,MSFT,MU,MXIM,MYL,NFLX,NLOK,NTAP,NVDA,ORLY,PAYX,PCAR,PEP,PYPL,QCOM,REGN,ROST,SBUX,SNPS,SWKS,TMUS,TTWO,TXN,UAL,ULTA,VRSK,VRSN,VRTX,WBA,WDC,WYNN,XEL,XLNX"
2020Q1,2020-01-01,2020-03-31,103,505,85,"AAL,AAPL,ADBE,ADI,ADP,ADSK,ALGN,ALXN,AMAT,AMD,AMGN,AMZN,ATVI,AVGO,BIIB,BKNG,CDNS,CERN,CHTR,CMCSA,COST,CSCO,CSX,CTAS,CTSH,CTXS,DLTR,EA,EBAY,EXC,EXPE,FAST,FOX,FOXA,GILD,GOOG,GOOGL,HAS,HSIC,IDXX,ILMN,INCY,INTC,INTU,ISRG,JBHT,KHC,KLAC,LRCX,MAR,MCHP,MDLZ,MNST,MSFT,MU,MXIM,MYL,NFLX,NLOK,NTAP,NVDA,ORLY,PAYX,PCAR,PEP,PYPL,QCOM,REGN,ROST,SBUX,SNPS,SWKS,TMUS,TTWO,TXN,UAL,ULTA,VRSK,VRSN,VRTX,WBA,WDC,WYNN,XEL,XLNX"
2020Q2,2020-04-01,2020-06-30,103,505,82,"AAPL,ADBE,ADI,ADP,ADSK,ALGN,ALXN,AMAT,AMD,AMGN,AMZN,ANSS,ATVI,AVGO,BIIB,BKNG,CDNS,CDW,CERN,CHTR,CMCSA,COST,CPRT,CSCO,CSX,CTAS,CTSH,CTXS,DLTR,DXCM,EA,EBAY,EXC,EXPE,FAST,FOX,FOXA,GILD,GOOG,GOOGL,IDXX,ILMN,INCY,INTC,INTU,ISRG,KHC,KLAC,LRCX,MAR,MCHP,MDLZ,MNST,MSFT,MU,MXIM,NFLX,NTAP,NVDA,ORLY,PAYX,PCAR,PEP,PYPL,QCOM,REGN,ROST,SBUX,SNPS,SWKS,TMUS,TTWO,TXN,UAL,ULTA,VRSK,VRSN,VRTX,WBA,WDC,XEL,XLNX"
2020Q3,2020-07-01,2020-09-30,103,505,81,"AAPL,ADBE,ADI,ADP,ADSK,ALGN,ALXN,AMAT,AMD,AMGN,AMZN,ANSS,ATVI,AVGO,BIIB,BKNG,CDNS,CDW,CERN,CHTR,CMCSA,COST,CPRT,CSCO,CSX,CTAS,CTSH,CTXS,DLTR,DXCM,EA,EBAY,EXC,EXPE,FAST,FOX,FOXA,GILD,GOOG,GOOGL,IDXX,ILMN,INCY,INTC,INTU,ISRG,KHC,KLAC,LRCX,MAR,MCHP,MDLZ,MNST,MSFT,MU,MXIM,NFLX,NTAP,NVDA,ORLY,PAYX,PCAR,PEP,PYPL,QCOM,REGN,ROST,SBUX,SNPS,SWKS,TMUS,TTWO,TXN,ULTA,VRSK,VRSN,VRTX,WBA,WDC,XEL,XLNX"
2020Q4,2020-10-01,2020-12-31,103,505,80,"AAPL,ADBE,ADI,ADP,ADSK,ALGN,ALXN,AMAT,AMD,AMGN,AMZN,ANSS,ATVI,AVGO,BIIB,BKNG,CDNS,CDW,CERN,CHTR,CMCSA,COST,CPRT,CSCO,CSX,CTAS,CTSH,CTXS,DLTR,DXCM,EA,EBAY,EXC,EXPE,FAST,FOX,FOXA,GILD,GOOG,GOOGL,IDXX,ILMN,INCY,INTC,INTU,ISRG,KHC,KLAC,LRCX,MAR,MCHP,MDLZ,MNST,MSFT,MU,MXIM,NFLX,NVDA,ORLY,PAYX,PCAR,PEP,PYPL,QCOM,REGN,ROST,SBUX,SNPS,SWKS,TMUS,TSLA,TTWO,TXN,ULTA,VRSK,VRSN,VRTX,WBA,XEL,XLNX"
2021Q1,2021-01-01,2021-03-31,103,505,81,"AAPL,ADBE,ADI,ADP,ADSK,ALGN,ALXN,AMAT,AMD,AMGN,AMZN,ANSS,ATVI,AVGO,BIIB,BKNG,CDNS,CDW,CERN,CHTR,CMCSA,COST,CPRT,CSCO,CSX,CTAS,CTSH,CTXS,DLTR,DXCM,EA,EBAY,EXC,EXPE,FAST,FOX,FOXA,GILD,GOOG,GOOGL,IDXX,ILMN,INCY,INTC,INTU,ISRG,KHC,KLAC,LRCX,MAR,MCHP,MDLZ,MNST,MSFT,MU,MXIM,NFLX,NVDA,NXPI,ORLY,PAYX,PCAR,PEP,PYPL,QCOM,REGN,ROST,SBUX,SNPS,SWKS,TMUS,TSLA,TTWO,TXN,ULTA,VRSK,VRSN,VRTX,WBA,XEL,XLNX"
2021Q2,2021-04-01,2021-06-30,103,505,81,"AAPL,ADBE,ADI,ADP,ADSK,ALGN,ALXN,AMAT,AMD,AMGN,AMZN,ANSS,ATVI,AVGO,BIIB,BKNG,CDNS,CDW,CERN,CHTR,CMCSA,COST,CPRT,CSCO,CSX,CTAS,CTSH,CTXS,DLTR,DXCM,EA,EBAY,EXC,EXPE,FAST,FOX,FOXA,GILD,GOOG,GOOGL,IDXX,ILMN,INCY,INTC,INTU,ISRG,KHC,KLAC,LRCX,MAR,MCHP,MDLZ,MNST,MSFT,MU,MXIM,NFLX,NVDA,NXPI,ORLY,PAYX,PCAR,PEP,PYPL,QCOM,REGN,ROST,SBUX,SNPS,SWKS,TMUS,TSLA,TTWO,TXN,ULTA,VRSK,VRSN,VRTX,WBA,XEL,XLNX"
2021Q3,2021-07-01,2021-09-30,102,505,79,"AAPL,ADBE,ADI,ADP,ADSK,AEP,ALGN,AMAT,AMD,AMGN,AMZN,ANSS,ATVI,AVGO,BIIB,BKNG,CDNS,CDW,CERN,CHTR,CMCSA,COST,CPRT,CSCO,CSX,CTAS,CTSH,DLTR,DXCM,EA,EBAY,EXC,FAST,FOX,FOXA,GILD,GOOG,GOOGL,HON,IDXX,ILMN,INCY,INTC,INTU,ISRG,KHC,KLAC,LRCX,MAR,MCHP,MDLZ,MNST,MRNA,MSFT,MTCH,MU,NFLX,NVDA,NXPI,ORLY,PAYX,PCAR,PEP,PYPL,QCOM,REGN,ROST,SBUX,SNPS,SWKS,TMUS,TSLA,TXN,VRSK,VRSN,VRTX,WBA,XEL,XLNX"
2021Q4,2021-10-01,2021-12-31,102,505,79,"AAPL,ADBE,ADI,ADP,ADSK,AEP,ALGN,AMAT,AMD,AMGN,AMZN,ANSS,ATVI,AVGO,BIIB,BKNG,CDNS,CDW,CERN,CHTR,CMCSA,COST,CPRT,CSCO,CSX,CTAS,CTSH,DLTR,DXCM,EA,EBAY,EXC,FAST,FOX,FOXA,GILD,GOOG,GOOGL,HON,IDXX,ILMN,INCY,INTC,INTU,ISRG,KHC,KLAC,LRCX,MAR,MCHP,MDLZ,MNST,MRNA,MSFT,MTCH,MU,NFLX,NVDA,NXPI,ORLY,PAYX,PCAR,PEP,PYPL,QCOM,REGN,ROST,SBUX,SNPS,SWKS,TMUS,TSLA,TXN,VRSK,VRSN,VRTX,WBA,XEL,XLNX"
2022Q1,2022-01-01,2022-03-31,102,505,76,"AAPL,ADBE,ADI,ADP,ADSK,AEP,ALGN,AMAT,AMD,AMGN,AMZN,ANSS,ATVI,AVGO,BIIB,BKNG,CDNS,CEG,CHTR,CMCSA,COST,CPRT,CSCO,CSX,CTAS,CTSH,DLTR,DXCM,EA,EBAY,EXC,FAST,FTNT,GILD,GOOG,GOOGL,HON,IDXX,ILMN,INTC,INTU,ISRG,KHC,KLAC,LRCX,MAR,MCHP,MDLZ,MNST,MRNA,MSFT,MTCH,MU,NFLX,NVDA,NXPI,ODFL,ORLY,PAYX,PCAR,PEP,PYPL,QCOM,REGN,ROST,SBUX,SNPS,SWKS,TMUS,TSLA,TXN,VRSK,VRSN,VRTX,WBA,XEL"
2022Q2,2022-04-01,2022-06-30,102,503,78,"AAPL,ADBE,ADI,ADP,ADSK,AEP,ALGN,AMAT,AMD,AMGN,AMZN,ANSS,ATVI,AVGO,BIIB,BKNG,CDNS,CEG,CHTR,CMCSA,COST,CPRT,CSCO,CSX,CTAS,CTSH,DLTR,DXCM,EA,EBAY,EXC,FAST,FTNT,GILD,GOOG,GOOGL,HON,IDXX,ILMN,INTC,INTU,ISRG,KDP,KHC,KLAC,LRCX,MAR,MCHP,MDLZ,META,MNST,MRNA,MSFT,MTCH,MU,NFLX,NVDA,NXPI,ODFL,ORLY,PAYX,PCAR,PEP,PYPL,QCOM,REGN,ROST,SBUX,SNPS,SWKS,TMUS,TSLA,TXN,VRSK,VRSN,VRTX,WBA,XEL"
2022Q3,2022-07-01,2022-09-30,102,503,78,"AAPL,ADBE,ADI,ADP,ADSK,AEP,ALGN,AMAT,AMD,AMGN,AMZN,ANSS,ATVI,AVGO,BIIB,BKNG,CDNS,CEG,CHTR,CMCSA,COST,CPRT,CSCO,CSX,CTAS,CTSH,DLTR,DXCM,EA,EBAY,EXC,FAST,FTNT,GILD,GOOG,GOOGL,HON,IDXX,ILMN,INTC,INTU,ISRG,KDP,KHC,KLAC,LRCX,MAR,MCHP,MDLZ,META,MNST,MRNA,MSFT,MTCH,MU,NFLX,NVDA,NXPI,ODFL,ORLY,PAYX,PCAR,PEP,PYPL,QCOM,REGN,ROST,SBUX,SNPS,SWKS,TMUS,TSLA,TXN,VRSK,VRSN,VRTX,WBA,XEL"
2022Q4,2022-10-01,2022-12-31,102,503,79,"AAPL,ADBE,ADI,ADP,ADSK,AEP,ALGN,AMAT,AMD,AMGN,AMZN,ANSS,ATVI,AVGO,BIIB,BKNG,CDNS,CEG,CHTR,CMCSA,COST,CPRT,CSCO,CSX,CTAS,CTSH,DLTR,DXCM,EA,EBAY,ENPH,EXC,FAST,FTNT,GILD,GOOG,GOOGL,HON,IDXX,ILMN,INTC,INTU,ISRG,KDP,KHC,KLAC,LRCX,MAR,MCHP,MDLZ,META,MNST,MRNA,MSFT,MTCH,MU,NFLX,NVDA,NXPI,ODFL,ORLY,PAYX,PCAR,PEP,PYPL,QCOM,REGN,ROST,SBUX,SNPS,SWKS,TMUS,TSLA,TXN,VRSK,VRSN,VRTX,WBA,XEL"
2023Q1,2023-01-01,2023-03-31,102,503,79,"AAPL,ADBE,ADI,ADP,ADSK,AEP,ALGN,AMAT,AMD,AMGN,AMZN,ANSS,ATVI,AVGO,BIIB,BKNG,CDNS,CEG,CHTR,CMCSA,COST,CPRT,CSCO,CSX,CTAS,CTSH,DLTR,DXCM,EA,EBAY,ENPH,EXC,FAST,FTNT,GILD,GOOG,GOOGL,HON,IDXX,ILMN,INTC,INTU,ISRG,KDP,KHC,KLAC,LRCX,MAR,MCHP,MDLZ,META,MNST,MRNA,MSFT,MTCH,MU,NFLX,NVDA,NXPI,ODFL,ORLY,PAYX,PCAR,PEP,PYPL,QCOM,REGN,ROST,SBUX,SNPS,SWKS,TMUS,TSLA,TXN,VRSK,VRSN,VRTX,WBA,XEL"
2023Q2,2023-04-01,2023-06-30,101,503,82,"AAPL,ADBE,ADI,ADP,ADSK,AEP,ALGN,AMAT,AMD,AMGN,AMZN,ANSS,ATVI,AVGO,BIIB,BKNG,BKR,CDNS,CEG,CHTR,CMCSA,COST,CPRT,CSCO,CSGP,CSX,CTAS,CTSH,DLTR,DXCM,EA,EBAY,ENPH,EXC,FANG,FAST,FTNT,GEHC,GILD,GOOG,GOOGL,HON,IDXX,ILMN,INTC,INTU,ISRG,KDP,KHC,KLAC,LRCX,MAR,MCHP,MDLZ,META,MNST,MRNA,MSFT,MU,NFLX,NVDA,NXPI,ODFL,ORLY,PANW,PAYX,PCAR,PEP,PYPL,QCOM,REGN,ROST,SBUX,SNPS,TMUS,TSLA,TXN,VRSK,VRTX,WBA,WBD,XEL"
2023Q3,2023-07-01,2023-09-30,101,503,84,"AAPL,ABNB,ADBE,ADI,ADP,ADSK,AEP,ALGN,AMAT,AMD,AMGN,AMZN,ANSS,ATVI,AVGO,BIIB,BKNG,BKR,CDNS,CEG,CHTR,CMCSA,COST,CPRT,CSCO,CSGP,CSX,CTAS,CTSH,DLTR,DXCM,EA,EBAY,ENPH,EXC,FANG,FAST,FTNT,GEHC,GILD,GOOG,GOOGL,HON,IDXX,ILMN,INTC,INTU,ISRG,KDP,KHC,KLAC,LRCX,MAR,MCHP,MDLZ,META,MNST,MRNA,MSFT,MU,NFLX,NVDA,NXPI,ODFL,ON,ORLY,PANW,PAYX,PCAR,PEP,PYPL,QCOM,REGN,ROST,SBUX,SNPS,TMUS,TSLA,TXN,VRSK,VRTX,WBA,WBD,XEL"
2023Q4,2023-10-01,2023-12-31,101,503,85,"AAPL,ABNB,ADBE,ADI,ADP,ADSK,AEP,ALGN,AMAT,AMD,AMGN,AMZN,ANSS,AVGO,BIIB,BKNG,BKR,CDNS,CEG,CHTR,CMCSA,COST,CPRT,CSCO,CSGP,CSX,CTAS,CTSH,DLTR,DXCM,EA,EBAY,ENPH,EXC,FANG,FAST,FTNT,GEHC,GILD,GOOG,GOOGL,HON,IDXX,ILMN,INTC,INTU,ISRG,KDP,KHC,KLAC,LRCX,LULU,MAR,MCHP,MDLZ,META,MNST,MRNA,MSFT,MU,NFLX,NVDA,NXPI,ODFL,ON,ORLY,PANW,PAYX,PCAR,PEP,PYPL,QCOM,REGN,ROST,SBUX,SNPS,TMUS,TSLA,TTWO,TXN,VRSK,VRTX,WBA,WBD,XEL"
2024Q1,2024-01-01,2024-03-31,101,503,84,"AAPL,ABNB,ADBE,ADI,ADP,ADSK,AEP,AMAT,AMD,AMGN,AMZN,ANSS,AVGO,BIIB,BKNG,BKR,CDNS,CDW,CEG,CHTR,CMCSA,COST,CPRT,CSCO,CSGP,CSX,CTAS,CTSH,DLTR,DXCM,EA,EXC,FANG,FAST,FTNT,GEHC,GILD,GOOG,GOOGL,HON,IDXX,ILMN,INTC,INTU,ISRG,KDP,KHC,KLAC,LRCX,LULU,MAR,MCHP,MDLZ,META,MNST,MRNA,MSFT,MU,NFLX,NVDA,NXPI,ODFL,ON,ORLY,PANW,PAYX,PCAR,PEP,PYPL,QCOM,REGN,ROP,ROST,SBUX,SNPS,TMUS,TSLA,TTWO,TXN,VRSK,VRTX,WBA,WBD,XEL"
2024Q2,2024-04-01,2024-06-30,101,503,85,"AAPL,ABNB,ADBE,ADI,ADP,ADSK,AEP,AMAT,AMD,AMGN,AMZN,ANSS,AVGO,BIIB,BKNG,BKR,CDNS,CDW,CEG,CHTR,CMCSA,COST,CPRT,CRWD,CSCO,CSGP,CSX,CTAS,CTSH,DLTR,DXCM,EA,EXC,FANG,FAST,FTNT,GEHC,GILD,GOOG,GOOGL,HON,IDXX,INTC,INTU,ISRG,KDP,KHC,KLAC,LIN,LRCX,LULU,MAR,MCHP,MDLZ,META,MNST,MRNA,MSFT,MU,NFLX,NVDA,NXPI,ODFL,ON,ORLY,PANW,PAYX,PCAR,PEP,PYPL,QCOM,REGN,ROP,ROST,SBUX,SNPS,TMUS,TSLA,TTWO,TXN,VRSK,VRTX,WBA,WBD,XEL"
2024Q3,2024-07-01,2024-09-30,101,504,85,"AAPL,ABNB,ADBE,ADI,ADP,ADSK,AEP,AMAT,AMD,AMGN,AMZN,ANSS,AVGO,BIIB,BKNG,BKR,CDNS,CDW,CEG,CHTR,CMCSA,COST,CPRT,CRWD,CSCO,CSGP,CSX,CTAS,CTSH,DLTR,DXCM,EA,EXC,FANG,FAST,FTNT,GEHC,GILD,GOOG,GOOGL,HON,IDXX,INTC,INTU,ISRG,KDP,KHC,KLAC,LIN,LRCX,LULU,MAR,MCHP,MDLZ,META,MNST,MRNA,MSFT,MU,NFLX,NVDA,NXPI,ODFL,ON,ORLY,PANW,PAYX,PCAR,PEP,PYPL,QCOM,REGN,ROP,ROST,SBUX,SNPS,TMUS,TSLA,TTWO,TXN,VRSK,VRTX,WBA,WBD,XEL"
2024Q4,2024-10-01,2024-12-31,101,503,85,"AAPL,ABNB,ADBE,ADI,ADP,ADSK,AEP,AMAT,AMD,AMGN,AMZN,ANSS,AVGO,BIIB,BKNG,BKR,CDNS,CDW,CEG,CHTR,CMCSA,COST,CPRT,CRWD,CSCO,CSGP,CSX,CTAS,CTSH,DXCM,EA,EXC,FANG,FAST,FTNT,GEHC,GILD,GOOG,GOOGL,HON,IDXX,INTC,INTU,ISRG,KDP,KHC,KLAC,LIN,LRCX,LULU,MAR,MCHP,MDLZ,META,MNST,MRNA,MSFT,MU,NFLX,NVDA,NXPI,ODFL,ON,ORLY,PANW,PAYX,PCAR,PEP,PYPL,QCOM,REGN,ROP,ROST,SBUX,SMCI,SNPS,TMUS,TSLA,TTWO,TXN,VRSK,VRTX,WBD,WDAY,XEL"
2025Q1,2025-01-01,2025-03-31,101,503,86,"AAPL,ABNB,ADBE,ADI,ADP,ADSK,AEP,AMAT,AMD,AMGN,AMZN,ANSS,AVGO,BIIB,BKNG,BKR,CDNS,CDW,CEG,CHTR,CMCSA,COST,CPRT,CRWD,CSCO,CSGP,CSX,CTAS,CTSH,DASH,DXCM,EA,EXC,FANG,FAST,FTNT,GEHC,GILD,GOOG,GOOGL,HON,IDXX,INTC,INTU,ISRG,KDP,KHC,KLAC,LIN,LRCX,LULU,MAR,MCHP,MDLZ,META,MNST,MRNA,MSFT,MU,NFLX,NVDA,NXPI,ODFL,ON,ORLY,PANW,PAYX,PCAR,PEP,PYPL,QCOM,REGN,ROP,ROST,SBUX,SMCI,SNPS,TMUS,TSLA,TTWO,TXN,VRSK,VRTX,WBD,WDAY,XEL"
2025Q2,2025-04-01,2025-06-30,101,503,86,"AAPL,ABNB,ADBE,ADI,ADP,ADSK,AEP,AMAT,AMD,AMGN,AMZN,ANSS,AVGO,AXON,BIIB,BKNG,BKR,CDNS,CDW,CEG,CHTR,CMCSA,COST,CPRT,CRWD,CSCO,CSGP,CSX,CTAS,CTSH,DASH,DXCM,EA,EXC,FANG,FAST,FTNT,GEHC,GILD,GOOG,GOOGL,HON,IDXX,INTC,INTU,ISRG,KDP,KHC,KLAC,LIN,LRCX,LULU,MAR,MCHP,MDLZ,META,MNST,MSFT,MU,NFLX,NVDA,NXPI,ODFL,ON,ORLY,PANW,PAYX,PCAR,PEP,PLTR,PYPL,QCOM,REGN,ROP,ROST,SBUX,SNPS,TMUS,TSLA,TTWO,TXN,VRSK,VRTX,WBD,WDAY,XEL"
2025Q3,2025-07-01,2025-09-30,100,503,88,"AAPL,ABNB,ADBE,ADI,ADP,ADSK,AEP,AMAT,AMD,AMGN,AMZN,APP,AVGO,AXON,BIIB,BKNG,BKR,CDNS,CDW,CEG,CHTR,CMCSA,COST,CPRT,CRWD,CSCO,CSGP,CSX,CTAS,CTSH,DASH,DDOG,DXCM,EA,EXC,FANG,FAST,FTNT,GEHC,GILD,GOOG,GOOGL,HON,IDXX,INTC,INTU,ISRG,KDP,KHC,KLAC,LIN,LRCX,LULU,MAR,MCHP,MDLZ,META,MNST,MSFT,MU,NFLX,NVDA,NXPI,ODFL,ON,ORLY,PANW,PAYX,PCAR,PEP,PLTR,PYPL,QCOM,REGN,ROP,ROST,SBUX,SNPS,TMUS,TSLA,TTD,TTWO,TXN,VRSK,VRTX,WBD,WDAY,XEL"
2025Q4,2025-10-01,2025-12-31,101,503,88,"AAPL,ABNB,ADBE,ADI,ADP,ADSK,AEP,AMAT,AMD,AMGN,AMZN,APP,AVGO,AXON,BIIB,BKNG,BKR,CDNS,CDW,CEG,CHTR,CMCSA,COST,CPRT,CRWD,CSCO,CSGP,CSX,CTAS,CTSH,DASH,DDOG,DXCM,EA,EXC,FANG,FAST,FTNT,GEHC,GILD,GOOG,GOOGL,HON,IDXX,INTC,INTU,ISRG,KDP,KHC,KLAC,LIN,LRCX,LULU,MAR,MCHP,MDLZ,META,MNST,MSFT,MU,NFLX,NVDA,NXPI,ODFL,ON,ORLY,PANW,PAYX,PCAR,PEP,PLTR,PYPL,QCOM,REGN,ROP,ROST,SBUX,SNPS,TMUS,TSLA,TTD,TTWO,TXN,VRSK,VRTX,WBD,WDAY,XEL"
2026Q1,2026-01-01,2026-03-31,101,503,86,"AAPL,ABNB,ADBE,ADI,ADP,ADSK,AEP,AMAT,AMD,AMGN,AMZN,APP,AVGO,AXON,BKNG,BKR,CDNS,CEG,CHTR,CMCSA,COST,CPRT,CRWD,CSCO,CSGP,CSX,CTAS,CTSH,DASH,DDOG,DXCM,EA,EXC,FANG,FAST,FTNT,GEHC,GILD,GOOG,GOOGL,HON,IDXX,INTC,INTU,ISRG,KDP,KHC,KLAC,LIN,LRCX,MAR,MCHP,MDLZ,META,MNST,MPWR,MSFT,MU,NFLX,NVDA,NXPI,ODFL,ORLY,PANW,PAYX,PCAR,PEP,PLTR,PYPL,QCOM,REGN,ROP,ROST,SBUX,SNPS,STX,TMUS,TSLA,TTWO,TXN,VRSK,VRTX,WBD,WDAY,WDC,XEL"
2026Q2,2026-04-01,2026-06-24,101,503,89,"AAPL,ABNB,ADBE,ADI,ADP,ADSK,AEP,AMAT,AMD,AMGN,AMZN,APP,AVGO,AXON,BKNG,BKR,CDNS,CEG,CHTR,CMCSA,COST,CPRT,CRWD,CSCO,CSX,CTAS,CTSH,DASH,DDOG,DXCM,EA,EXC,FANG,FAST,FTNT,GEHC,GILD,GOOG,GOOGL,HON,IDXX,INTC,INTU,ISRG,KDP,KHC,KLAC,LIN,LITE,LRCX,MAR,MCHP,MDLZ,META,MNST,MPWR,MRVL,MSFT,MU,NFLX,NVDA,NXPI,ODFL,ORLY,PANW,PAYX,PCAR,PEP,PLTR,PYPL,QCOM,REGN,ROP,ROST,SBUX,SNDK,SNPS,STX,TMUS,TSLA,TTWO,TXN,VRSK,VRTX,WBD,WDAY,WDC,WMT,XEL"
