Ticker,Exchange,Sector,Source
A,NYSE,Non-Financial,yfinance
AABA,NYSE,Non-Financial,yfinance
AAL,NASDAQ,Non-Financial,yfinance
AAMRQ,NYSE,Non-Financial,yfinance
AAP,NYSE,Non-Financial,yfinance
AAPL,NASDAQ,Non-Financial,yfinance
ABBV,NYSE,Non-Financial,yfinance
ABC,NYSE,Non-Financial,yfinance
ABI,NYSE,Non-Financial,yfinance
ABKFQ,NASDAQ,Non-Financial,heuristic
ABMD,NYSE,Non-Financial,yfinance
ABNB,NASDAQ,Non-Financial,yfinance
ABS,NYSE,Non-Financial,yfinance
ABT,NYSE,Non-Financial,yfinance
ABX,NYSE,Financial,yfinance
ACAS,NYSE,Non-Financial,yfinance
ACGL,NASDAQ,Financial,yfinance
ACKH,NASDAQ,Non-Financial,heuristic
ACN,NYSE,Non-Financial,yfinance
ACS,NYSE,Non-Financial,yfinance
ACV,NYSE,Financial,yfinance
ADBE,NASDAQ,Non-Financial,yfinance
ADCT,NYSE,Non-Financial,yfinance
ADI,NASDAQ,Non-Financial,yfinance
ADM,NYSE,Non-Financial,yfinance
ADP,NASDAQ,Non-Financial,yfinance
ADS,NYSE,Non-Financial,yfinance
ADSK,NASDAQ,Non-Financial,yfinance
ADT,NYSE,Non-Financial,yfinance
AEE,NYSE,Non-Financial,yfinance
AEOS,NYSE,Non-Financial,yfinance
AEP,NASDAQ,Non-Financial,yfinance
AES,NYSE,Non-Financial,yfinance
AET,NYSE,Non-Financial,yfinance
AFL,NYSE,Financial,yfinance
AFS.A,NASDAQ,Non-Financial,heuristic
AGC,NYSE,Non-Financial,yfinance
AGN,NYSE,Non-Financial,yfinance
AHM,NYSE,Non-Financial,yfinance
AIG,NYSE,Financial,yfinance
AIT,NYSE,Non-Financial,yfinance
AIV,NYSE,Non-Financial,yfinance
AIZ,NYSE,Financial,yfinance
AJG,NYSE,Financial,yfinance
AKAM,NASDAQ,Non-Financial,yfinance
AKS,NYSE,Non-Financial,yfinance
AL,NYSE,Non-Financial,heuristic
ALAB,NASDAQ,Non-Financial,yfinance
ALB,NYSE,Non-Financial,yfinance
ALGN,NASDAQ,Non-Financial,yfinance
ALK,NYSE,Non-Financial,yfinance
ALL,NYSE,Financial,yfinance
ALLE,NYSE,Non-Financial,yfinance
ALNY,NASDAQ,Non-Financial,yfinance
ALTR,NASDAQ,Non-Financial,heuristic
ALXN,NYSE,Non-Financial,yfinance
AM,NYSE,Non-Financial,yfinance
AMAT,NASDAQ,Non-Financial,yfinance
AMCC,NYSE,Non-Financial,yfinance
AMCR,NYSE,Non-Financial,yfinance
AMD,NASDAQ,Non-Financial,yfinance
AME,NYSE,Non-Financial,yfinance
AMG,NYSE,Financial,yfinance
AMGN,NASDAQ,Non-Financial,yfinance
AMH,NYSE,Non-Financial,yfinance
AMLN,NYSE,Non-Financial,yfinance
AMP,NYSE,Financial,yfinance
AMT,NYSE,Non-Financial,yfinance
AMTM,NYSE,Non-Financial,yfinance
AMZN,NASDAQ,Non-Financial,yfinance
AN,NYSE,Non-Financial,yfinance
ANDV,NYSE,Non-Financial,yfinance
ANDW,NYSE,Non-Financial,yfinance
ANET,NYSE,Non-Financial,yfinance
ANF,NYSE,Non-Financial,yfinance
ANRZQ,NYSE,Non-Financial,yfinance
ANSS,NASDAQ,Non-Financial,heuristic
ANTM,NYSE,Non-Financial,yfinance
ANV,NYSE,Non-Financial,yfinance
AON,NYSE,Financial,yfinance
AOS,NYSE,Non-Financial,yfinance
APA,NASDAQ,Non-Financial,yfinance
APC,NASDAQ,Non-Financial,yfinance
APCC,NYSE,Non-Financial,yfinance
APD,NYSE,Non-Financial,yfinance
APH,NYSE,Non-Financial,yfinance
APO,NYSE,Financial,yfinance
APOL,NYSE,Non-Financial,yfinance
APP,NASDAQ,Non-Financial,yfinance
APTV,NYSE,Non-Financial,yfinance
AR,NYSE,Non-Financial,yfinance
ARC,NYSE,Non-Financial,yfinance
ARE,NYSE,Non-Financial,yfinance
ARES,NYSE,Financial,yfinance
ARG,NYSE,Non-Financial,yfinance
ARM,NASDAQ,Non-Financial,yfinance
ARNC,NYSE,Non-Financial,yfinance
AS,NYSE,Non-Financial,yfinance
ASC,NYSE,Non-Financial,yfinance
ASH,NYSE,Non-Financial,yfinance
ASML,NASDAQ,Non-Financial,yfinance
ASN,NYSE,Non-Financial,yfinance
ASND,NASDAQ,Non-Financial,yfinance
ASO,NASDAQ,Financial,yfinance
AT,NYSE,Non-Financial,yfinance
ATGE,NASDAQ,Non-Financial,heuristic
ATI,NYSE,Non-Financial,yfinance
ATO,NYSE,Non-Financial,yfinance
ATVI,NYSE,Non-Financial,yfinance
AV,NYSE,Financial,yfinance
AVB,NYSE,Non-Financial,yfinance
AVGO,NASDAQ,Non-Financial,yfinance
AVP,NYSE,Non-Financial,yfinance
AVY,NYSE,Non-Financial,yfinance
AW,NYSE,Non-Financial,yfinance
AWE,NYSE,Non-Financial,yfinance
AWK,NYSE,Non-Financial,yfinance
AXON,NASDAQ,Non-Financial,yfinance
AXP,NYSE,Financial,yfinance
AYE,NYSE,Non-Financial,yfinance
AYI,NYSE,Non-Financial,yfinance
AZA.A,NASDAQ,Non-Financial,heuristic
AZN,NYSE,Non-Financial,yfinance
AZO,NYSE,Non-Financial,yfinance
BA,NYSE,Non-Financial,yfinance
BAC,NYSE,Financial,yfinance
BALL,NYSE,Non-Financial,yfinance
BATRA,NASDAQ,Non-Financial,yfinance
BATRK,NASDAQ,Non-Financial,yfinance
BAX,NYSE,Non-Financial,yfinance
BAY,NYSE,Non-Financial,yfinance
BBBY,NYSE,Non-Financial,yfinance
BBI,NYSE,Non-Financial,yfinance
BBT,NYSE,Financial,yfinance
BBWI,NYSE,Non-Financial,yfinance
BBY,NYSE,Non-Financial,yfinance
BC,NYSE,Non-Financial,yfinance
BCO,NYSE,Non-Financial,yfinance
BCR,NYSE,Non-Financial,yfinance
BDK,NYSE,Non-Financial,yfinance
BDX,NYSE,Non-Financial,yfinance
BEAM,NASDAQ,Non-Financial,yfinance
BEAS,NYSE,Non-Financial,yfinance
BEN,NYSE,Financial,yfinance
BEV,NYSE,Non-Financial,yfinance
BF.B,NYSE,Non-Financial,yfinance
BFI,NYSE,Non-Financial,heuristic
BFO,NYSE,Non-Financial,yfinance
BG,NYSE,Non-Financial,yfinance
BGEN,NYSE,Non-Financial,yfinance
BGG,NYSE,Non-Financial,yfinance
BHF,NASDAQ,Financial,yfinance
BHGE,NYSE,Non-Financial,yfinance
BHMSQ,NYSE,Non-Financial,yfinance
BIDU,NASDAQ,Non-Financial,yfinance
BIG,NYSE,Non-Financial,heuristic
BIIB,NASDAQ,Non-Financial,yfinance
BIO,NYSE,Non-Financial,yfinance
BJS,NYSE,Non-Financial,yfinance
BK,NYSE,Financial,yfinance
BKB,NYSE,Non-Financial,yfinance
BKNG,NASDAQ,Non-Financial,yfinance
BKR,NASDAQ,Non-Financial,yfinance
BLDR,NYSE,Non-Financial,yfinance
BLK,NYSE,Financial,yfinance
BLL,NYSE,Non-Financial,yfinance
BLS,NYSE,Non-Financial,yfinance
BLY,NASDAQ,Non-Financial,yfinance
BMC,NYSE,Non-Financial,yfinance
BMET,NYSE,Non-Financial,yfinance
BMGCA,NASDAQ,Non-Financial,heuristic
BMRN,NASDAQ,Non-Financial,yfinance
BMS,NYSE,Non-Financial,yfinance
BMY,NYSE,Non-Financial,yfinance
BNI,NYSE,Non-Financial,yfinance
BNL,NYSE,Non-Financial,yfinance
BOAT,NYSE,Non-Financial,yfinance
BOL,NYSE,Non-Financial,yfinance
BR,NYSE,Non-Financial,yfinance
BRCM,NYSE,Non-Financial,yfinance
BRK.B,NYSE,Non-Financial,yfinance
BRL,NYSE,Non-Financial,yfinance
BRO,NYSE,Financial,yfinance
BSC,NYSE,Financial,yfinance
BSX,NYSE,Non-Financial,yfinance
BT,NYSE,Non-Financial,yfinance
BTUUQ,NYSE,Non-Financial,yfinance
BUD,NYSE,Non-Financial,yfinance
BVSN,NYSE,Non-Financial,yfinance
BWA,NYSE,Non-Financial,yfinance
BX,NYSE,Financial,yfinance
BXLT,NYSE,Non-Financial,yfinance
BXP,NYSE,Non-Financial,yfinance
C,NYSE,Financial,yfinance
CA,NYSE,Non-Financial,yfinance
CAG,NYSE,Non-Financial,yfinance
CAH,NYSE,Non-Financial,yfinance
CAL,NYSE,Non-Financial,yfinance
CAM,NYSE,Non-Financial,yfinance
CAR,NASDAQ,Non-Financial,yfinance
CARR,NYSE,Non-Financial,yfinance
CASY,NASDAQ,Non-Financial,yfinance
CAT,NYSE,Non-Financial,yfinance
CB,NYSE,Financial,yfinance
CBB,NYSE,Non-Financial,heuristic
CBE,NYSE,Non-Financial,yfinance
CBH,NYSE,Non-Financial,yfinance
CBOE,NYSE,Financial,yfinance
CBRE,NYSE,Non-Financial,yfinance
CBS,NYSE,Non-Financial,yfinance
CBSS,NYSE,Non-Financial,yfinance
CCB,NASDAQ,Financial,yfinance
CCE,NYSE,Non-Financial,yfinance
CCEP,NASDAQ,Non-Financial,yfinance
CCI,NYSE,Non-Financial,yfinance
CCK,NYSE,Non-Financial,yfinance
CCL,NYSE,Non-Financial,yfinance
CCTYQ,NYSE,Non-Financial,yfinance
CCU,NYSE,Non-Financial,yfinance
CDAY,NYSE,Non-Financial,yfinance
CDNS,NASDAQ,Non-Financial,yfinance
CDW,NASDAQ,Non-Financial,yfinance
CDWC,NYSE,Non-Financial,yfinance
CE,NYSE,Non-Financial,yfinance
CEG,NASDAQ,Non-Financial,yfinance
CELG,NYSE,Non-Financial,yfinance
CEN,NYSE,Non-Financial,yfinance
CEPH,NYSE,Non-Financial,yfinance
CERN,NYSE,Non-Financial,yfinance
CF,NYSE,Non-Financial,yfinance
CFC,NYSE,Financial,yfinance
CFG,NYSE,Financial,yfinance
CFL,NASDAQ,Non-Financial,yfinance
CFN,NYSE,Non-Financial,yfinance
CG,NASDAQ,Financial,yfinance
CGP,NYSE,Non-Financial,yfinance
CHA,NASDAQ,Non-Financial,yfinance
CHD,NYSE,Non-Financial,yfinance
CHIR,NYSE,Non-Financial,yfinance
CHK,NYSE,Non-Financial,yfinance
CHKP,NASDAQ,Non-Financial,yfinance
CHRS,NYSE,Non-Financial,yfinance
CHRW,NASDAQ,Non-Financial,yfinance
CHTR,NASDAQ,Non-Financial,yfinance
CI,NYSE,Non-Financial,yfinance
CIEN,NYSE,Non-Financial,yfinance
CIN,NYSE,Non-Financial,yfinance
CINF,NASDAQ,Financial,yfinance
CIT.A,NASDAQ,Non-Financial,heuristic
CITGQ,NASDAQ,Non-Financial,heuristic
CKFR,NYSE,Non-Financial,yfinance
CL,NYSE,Non-Financial,yfinance
CLF,NYSE,Non-Financial,yfinance
CLX,NYSE,Non-Financial,yfinance
CMA,NYSE,Financial,heuristic
CMB,NYSE,Non-Financial,yfinance
CMCSA,NASDAQ,Non-Financial,yfinance
CMCSK,NYSE,Non-Financial,yfinance
CME,NASDAQ,Financial,yfinance
CMG,NYSE,Non-Financial,yfinance
CMI,NYSE,Non-Financial,yfinance
CMS,NYSE,Non-Financial,yfinance
CMVT,NYSE,Non-Financial,yfinance
CMX,NYSE,Non-Financial,yfinance
CNC,NYSE,Non-Financial,yfinance
CNG,NYSE,Non-Financial,yfinance
CNP,NYSE,Non-Financial,yfinance
CNW,NYSE,Non-Financial,yfinance
CNX,NYSE,Non-Financial,yfinance
CNXT,NYSE,Non-Financial,yfinance
COC.B,NYSE,Non-Financial,yfinance
COF,NYSE,Financial,yfinance
COG,NYSE,Non-Financial,heuristic
COHR,NYSE,Non-Financial,yfinance
COIN,NASDAQ,Financial,yfinance
COL,NYSE,Non-Financial,yfinance
COMS,NYSE,Non-Financial,yfinance
COO,NASDAQ,Non-Financial,yfinance
COP,NYSE,Non-Financial,yfinance
COR,NYSE,Non-Financial,yfinance
COST,NASDAQ,Non-Financial,yfinance
COTY,NYSE,Non-Financial,yfinance
COV,NYSE,Non-Financial,yfinance
CPAY,NYSE,Non-Financial,yfinance
CPB,NASDAQ,Non-Financial,yfinance
CPGX,NYSE,Non-Financial,yfinance
CPNLQ,NYSE,Non-Financial,yfinance
CPQ,NYSE,Non-Financial,yfinance
CPRI,NYSE,Non-Financial,yfinance
CPRT,NASDAQ,Non-Financial,yfinance
CPT,NYSE,Non-Financial,yfinance
CPWR,NYSE,Non-Financial,yfinance
CR,NYSE,Non-Financial,yfinance
CRH,NYSE,Non-Financial,yfinance
CRL,NYSE,Non-Financial,yfinance
CRM,NYSE,Non-Financial,yfinance
CRR,NYSE,Non-Financial,yfinance
CRWD,NASDAQ,Non-Financial,yfinance
CRWV,NASDAQ,Non-Financial,yfinance
CSCO,NASDAQ,Non-Financial,yfinance
CSE,NYSE,Non-Financial,yfinance
CSGP,NASDAQ,Non-Financial,yfinance
CSR,NYSE,Non-Financial,yfinance
CSRA,NYSE,Non-Financial,yfinance
CSX,NASDAQ,Non-Financial,yfinance
CTAS,NASDAQ,Non-Financial,yfinance
CTB,NYSE,Non-Financial,yfinance
CTL,NYSE,Non-Financial,yfinance
CTLT,NYSE,Non-Financial,yfinance
CTRA,NYSE,Non-Financial,yfinance
CTRX,NYSE,Non-Financial,yfinance
CTSH,NASDAQ,Non-Financial,yfinance
CTVA,NYSE,Non-Financial,yfinance
CTX,NYSE,Non-Financial,yfinance
CTXS,NYSE,Non-Financial,yfinance
CVC,NYSE,Non-Financial,yfinance
CVG,NYSE,Non-Financial,yfinance
CVH,NYSE,Non-Financial,yfinance
CVNA,NYSE,Non-Financial,yfinance
CVS,NYSE,Non-Financial,yfinance
CVX,NYSE,Non-Financial,yfinance
CXO,NYSE,Non-Financial,yfinance
CYM,NYSE,Non-Financial,yfinance
CYR,NYSE,Non-Financial,yfinance
CZR,NASDAQ,Non-Financial,yfinance
D,NYSE,Non-Financial,yfinance
DAL,NYSE,Non-Financial,yfinance
DALRQ,NASDAQ,Non-Financial,heuristic
DASH,NASDAQ,Non-Financial,yfinance
DAY,NYSE,Non-Financial,heuristic
DCNAQ,NASDAQ,Non-Financial,heuristic
DD,NYSE,Non-Financial,yfinance
DDOG,NASDAQ,Non-Financial,yfinance
DDR,NYSE,Non-Financial,yfinance
DDS,NYSE,Non-Financial,yfinance
DE,NYSE,Non-Financial,yfinance
DEC,NYSE,Non-Financial,yfinance
DECK,NYSE,Non-Financial,yfinance
DELL,NYSE,Non-Financial,yfinance
DF,NYSE,Non-Financial,yfinance
DFS,NYSE,Financial,yfinance
DG,NYSE,Non-Financial,yfinance
DGN,NYSE,Non-Financial,yfinance
DGX,NYSE,Non-Financial,yfinance
DHI,NYSE,Non-Financial,yfinance
DHR,NYSE,Non-Financial,yfinance
DI,NYSE,Non-Financial,yfinance
DIGI,NYSE,Non-Financial,yfinance
DIS,NYSE,Non-Financial,yfinance
DISCA,NYSE,Non-Financial,yfinance
DISCK,NYSE,Non-Financial,yfinance
DISH,NYSE,Non-Financial,yfinance
DJ,NYSE,Non-Financial,yfinance
DLR,NYSE,Non-Financial,yfinance
DLTR,NASDAQ,Non-Financial,yfinance
DLX,NYSE,Non-Financial,yfinance
DNB,NYSE,Non-Financial,heuristic
DNR,NYSE,Non-Financial,yfinance
DO,NYSE,Non-Financial,yfinance
DOC,NYSE,Non-Financial,yfinance
DOCU,NASDAQ,Non-Financial,yfinance
DOV,NYSE,Non-Financial,yfinance
DOW,NYSE,Non-Financial,yfinance
DPHIQ,NASDAQ,Non-Financial,heuristic
DPZ,NASDAQ,Non-Financial,yfinance
DRE,NYSE,Non-Financial,yfinance
DRI,NYSE,Non-Financial,yfinance
DTE,NYSE,Non-Financial,yfinance
DTV,NYSE,Non-Financial,yfinance
DUK,NYSE,Non-Financial,yfinance
DVA,NYSE,Non-Financial,yfinance
DVN,NYSE,Non-Financial,yfinance
DWD,NASDAQ,Non-Financial,yfinance
DWDP,NYSE,Non-Financial,yfinance
DXC,NYSE,Non-Financial,yfinance
DXCM,NASDAQ,Non-Financial,yfinance
DYN,NASDAQ,Non-Financial,yfinance
EA,NASDAQ,Non-Financial,yfinance
EBAY,NASDAQ,Non-Financial,yfinance
EC,NYSE,Non-Financial,yfinance
ECH,NYSE,Non-Financial,yfinance
ECL,NYSE,Non-Financial,yfinance
ECO,NYSE,Non-Financial,yfinance
ED,NYSE,Non-Financial,yfinance
EDS,NYSE,Non-Financial,yfinance
EFU,NYSE,Non-Financial,yfinance
EFX,NYSE,Non-Financial,yfinance
EG,NYSE,Financial,yfinance
EHC,NYSE,Non-Financial,yfinance
EIX,NYSE,Non-Financial,yfinance
EKDKQ,NYSE,Non-Financial,yfinance
EL,NYSE,Non-Financial,yfinance
ELV,NYSE,Non-Financial,yfinance
EMC,NYSE,Non-Financial,yfinance
EME,NYSE,Non-Financial,yfinance
EMN,NYSE,Non-Financial,yfinance
EMR,NYSE,Non-Financial,yfinance
ENDP,NYSE,Non-Financial,yfinance
ENPH,NYSE,Non-Financial,yfinance
ENRNQ,NYSE,Non-Financial,yfinance
ENS,NYSE,Non-Financial,yfinance
EOG,NYSE,Non-Financial,yfinance
EOP,NYSE,Non-Financial,yfinance
EP,NYSE,Non-Financial,yfinance
EPAM,NYSE,Non-Financial,yfinance
EQ,NASDAQ,Non-Financial,yfinance
EQIX,NASDAQ,Non-Financial,yfinance
EQR,NYSE,Non-Financial,yfinance
EQT,NYSE,Non-Financial,yfinance
ERIC,NASDAQ,Non-Financial,yfinance
ERIE,NASDAQ,Financial,yfinance
ES,NYSE,Non-Financial,yfinance
ESRX,NYSE,Non-Financial,yfinance
ESS,NYSE,Non-Financial,yfinance
ESV,NYSE,Non-Financial,yfinance
ETFC,NYSE,Non-Financial,yfinance
ETN,NYSE,Non-Financial,yfinance
ETR,NYSE,Non-Financial,yfinance
ETS,NASDAQ,Non-Financial,yfinance
ETSY,NYSE,Non-Financial,yfinance
EVHC,NYSE,Non-Financial,yfinance
EVRG,NASDAQ,Non-Financial,yfinance
EW,NYSE,Non-Financial,yfinance
EXC,NASDAQ,Non-Financial,yfinance
EXE,NASDAQ,Non-Financial,yfinance
EXPD,NYSE,Non-Financial,yfinance
EXPE,NASDAQ,Non-Financial,yfinance
EXR,NYSE,Non-Financial,yfinance
F,NYSE,Non-Financial,yfinance
FANG,NASDAQ,Non-Financial,yfinance
FAST,NASDAQ,Non-Financial,yfinance
FB,NYSE,Non-Financial,yfinance
FBF,NYSE,Non-Financial,yfinance
FBHS,NYSE,Non-Financial,yfinance
FBO,NASDAQ,Non-Financial,yfinance
FCN,NYSE,Non-Financial,yfinance
FCPT,NYSE,Non-Financial,yfinance
FCX,NYSE,Non-Financial,yfinance
FDC,NYSE,Non-Financial,yfinance
FDO,NYSE,Non-Financial,yfinance
FDS,NYSE,Financial,yfinance
FDX,NYSE,Non-Financial,yfinance
FDXF,NYSE,Non-Financial,yfinance
FE,NYSE,Non-Financial,yfinance
FER,NASDAQ,Non-Financial,yfinance
FFIV,NASDAQ,Non-Financial,yfinance
FG,NYSE,Financial,yfinance
FHN,NYSE,Financial,yfinance
FI,NYSE,Non-Financial,heuristic
FICO,NYSE,Non-Financial,yfinance
FII,NYSE,Non-Financial,yfinance
FIS,NYSE,Non-Financial,yfinance
FISV,NASDAQ,Non-Financial,yfinance
FITB,NYSE,Financial,yfinance
FIX,NYSE,Non-Financial,yfinance
FJ,NYSE,Non-Financial,yfinance
FL,NYSE,Non-Financial,yfinance
FLEX,NASDAQ,Non-Financial,yfinance
FLIR,NYSE,Non-Financial,yfinance
FLMIQ,NYSE,Non-Financial,yfinance
FLR,NYSE,Non-Financial,yfinance
FLS,NYSE,Non-Financial,yfinance
FLT,NYSE,Non-Financial,yfinance
FLTWQ,NASDAQ,Non-Financial,heuristic
FMC,NYSE,Non-Financial,yfinance
FMCC,NYSE,Financial,yfinance
FMCN,NYSE,Non-Financial,yfinance
FMY,NYSE,Financial,yfinance
FNMA,NYSE,Financial,yfinance
FOSL,NASDAQ,Non-Financial,yfinance
FOX,NASDAQ,Non-Financial,yfinance
FOXA,NASDAQ,Non-Financial,yfinance
FPC,NYSE,Non-Financial,yfinance
FRC,NYSE,Non-Financial,heuristic
FRO,NYSE,Non-Financial,yfinance
FRT,NYSE,Non-Financial,yfinance
FRX,NYSE,Non-Financial,heuristic
FSH,NYSE,Non-Financial,yfinance
FSL,NYSE,Non-Financial,yfinance
FSLR,NASDAQ,Non-Financial,yfinance
FTI,NYSE,Non-Financial,yfinance
FTL.A,NASDAQ,Non-Financial,heuristic
FTNT,NASDAQ,Non-Financial,yfinance
FTR,NYSE,Non-Financial,yfinance
FTV,NYSE,Non-Financial,yfinance
FWLT,NYSE,Non-Financial,yfinance
G,NYSE,Non-Financial,yfinance
GAPTQ,NYSE,Non-Financial,yfinance
GAS,NYSE,Non-Financial,yfinance
GD,NYSE,Non-Financial,yfinance
GDDY,NYSE,Non-Financial,yfinance
GDT,NYSE,Non-Financial,yfinance
GDW,NYSE,Non-Financial,yfinance
GE,NYSE,Non-Financial,yfinance
GEHC,NASDAQ,Non-Financial,yfinance
GEN,NASDAQ,Non-Financial,yfinance
GENZ,NYSE,Non-Financial,yfinance
GEV,NYSE,Non-Financial,yfinance
GFS,NASDAQ,Non-Financial,yfinance
GFS.A,NASDAQ,Non-Financial,heuristic
GGP,NYSE,Financial,yfinance
GHC,NYSE,Non-Financial,yfinance
GIDL,NASDAQ,Non-Financial,heuristic
GILD,NASDAQ,Non-Financial,yfinance
GIS,NYSE,Non-Financial,yfinance
GL,NYSE,Financial,yfinance
GLD,NYSE,Non-Financial,yfinance
GLK,NYSE,Non-Financial,yfinance
GLW,NYSE,Non-Financial,yfinance
GM,NYSE,Non-Financial,yfinance
GMCR,NYSE,Non-Financial,yfinance
GME,NYSE,Non-Financial,yfinance
GNRC,NYSE,Non-Financial,yfinance
GNT,NYSE,Financial,yfinance
GNW,NYSE,Financial,yfinance
GOLD,NYSE,Financial,yfinance
GOOG,NASDAQ,Non-Financial,yfinance
GOOGL,NASDAQ,Non-Financial,yfinance
GP,NASDAQ,Non-Financial,yfinance
GPC,NYSE,Non-Financial,yfinance
GPN,NYSE,Non-Financial,yfinance
GPS,NYSE,Non-Financial,yfinance
GPU,NYSE,Non-Financial,yfinance
GR,NYSE,Non-Financial,yfinance
GRA,NYSE,Non-Financial,yfinance
GRMN,NYSE,Non-Financial,yfinance
GRN,NYSE,Non-Financial,yfinance
GS,NYSE,Financial,yfinance
GSX,NYSE,Non-Financial,yfinance
GT,NASDAQ,Non-Financial,yfinance
GTE,NYSE,Non-Financial,yfinance
GTW,NYSE,Non-Financial,yfinance
GWF,NYSE,Non-Financial,yfinance
GWW,NYSE,Non-Financial,yfinance
GX,NYSE,Non-Financial,yfinance
H,NYSE,Non-Financial,yfinance
HAL,NYSE,Non-Financial,yfinance
HANS,NYSE,Non-Financial,yfinance
HAR,NYSE,Non-Financial,yfinance
HAS,NASDAQ,Non-Financial,yfinance
HBAN,NASDAQ,Financial,yfinance
HBI,NYSE,Non-Financial,heuristic
HBOC,NYSE,Non-Financial,yfinance
HCA,NYSE,Non-Financial,yfinance
HCBK,NYSE,Financial,yfinance
HCP,NYSE,Non-Financial,heuristic
HCR,NYSE,Non-Financial,yfinance
HD,NYSE,Non-Financial,yfinance
HDLM,NYSE,Non-Financial,yfinance
HES,NYSE,Non-Financial,heuristic
HET,NYSE,Non-Financial,yfinance
HFC,NYSE,Non-Financial,yfinance
HFS,NASDAQ,Non-Financial,yfinance
HI,NYSE,Non-Financial,heuristic
HIG,NYSE,Financial,yfinance
HII,NYSE,Non-Financial,yfinance
HLT,NYSE,Non-Financial,yfinance
HM,NYSE,Non-Financial,yfinance
HMA,NYSE,Non-Financial,yfinance
HNZ,NYSE,Non-Financial,yfinance
HOG,NYSE,Non-Financial,yfinance
HOLX,NYSE,Non-Financial,yfinance
HON,NASDAQ,Non-Financial,yfinance
HOOD,NASDAQ,Financial,yfinance
HOT,NYSE,Non-Financial,yfinance
HP,NYSE,Non-Financial,yfinance
HPC,NYSE,Non-Financial,yfinance
HPE,NYSE,Non-Financial,yfinance
HPH,NYSE,Non-Financial,heuristic
HPQ,NYSE,Non-Financial,yfinance
HRB,NYSE,Non-Financial,yfinance
HRL,NYSE,Non-Financial,yfinance
HRS,NYSE,Non-Financial,yfinance
HSH,NYSE,Non-Financial,yfinance
HSIC,NASDAQ,Non-Financial,yfinance
HSP,NYSE,Non-Financial,yfinance
HST,NASDAQ,Non-Financial,yfinance
HSY,NYSE,Non-Financial,yfinance
HUBB,NYSE,Non-Financial,yfinance
HUM,NYSE,Non-Financial,yfinance
HWM,NYSE,Non-Financial,yfinance
I,NYSE,Non-Financial,yfinance
IAC,NYSE,Non-Financial,yfinance
IACI,NYSE,Non-Financial,yfinance
IBKR,NASDAQ,Financial,yfinance
IBM,NYSE,Non-Financial,yfinance
ICE,NYSE,Financial,yfinance
IDXX,NASDAQ,Non-Financial,yfinance
IEX,NYSE,Non-Financial,yfinance
IFF,NYSE,Non-Financial,yfinance
IGT,NYSE,Non-Financial,yfinance
IKN,NYSE,Non-Financial,yfinance
ILMN,NASDAQ,Non-Financial,yfinance
IMNX,NYSE,Non-Financial,yfinance
INCLF,NASDAQ,Non-Financial,heuristic
INCY,NASDAQ,Non-Financial,yfinance
INFO,NYSE,Non-Financial,yfinance
INFY,NYSE,Non-Financial,yfinance
INGR,NYSE,Non-Financial,yfinance
INSM,NASDAQ,Non-Financial,yfinance
INTC,NASDAQ,Non-Financial,yfinance
INTU,NASDAQ,Non-Financial,yfinance
INVH,NYSE,Non-Financial,yfinance
IP,NYSE,Non-Financial,yfinance
IPG,NYSE,Non-Financial,heuristic
IPGP,NASDAQ,Non-Financial,yfinance
IQV,NYSE,Non-Financial,yfinance
IR,NYSE,Non-Financial,yfinance
IRM,NYSE,Non-Financial,yfinance
ISRG,NASDAQ,Non-Financial,yfinance
IT,NYSE,Non-Financial,yfinance
ITT,NYSE,Non-Financial,yfinance
ITW,NYSE,Non-Financial,yfinance
IVZ,NYSE,Financial,yfinance
J,NYSE,Non-Financial,yfinance
JAVA,NYSE,Non-Financial,yfinance
JBHT,NASDAQ,Non-Financial,yfinance
JBL,NYSE,Non-Financial,yfinance
JCI,NYSE,Non-Financial,yfinance
JCP,NYSE,Non-Financial,yfinance
JD,NASDAQ,Non-Financial,yfinance
JEC,NYSE,Non-Financial,yfinance
JEF,NYSE,Financial,yfinance
JH,NYSE,Non-Financial,yfinance
JHF,NYSE,Non-Financial,yfinance
JKHY,NASDAQ,Non-Financial,yfinance
JNJ,NYSE,Non-Financial,yfinance
JNPR,NASDAQ,Non-Financial,heuristic
JNS,NYSE,Non-Financial,yfinance
JNY,NYSE,Non-Financial,yfinance
JOS,NASDAQ,Non-Financial,yfinance
JOY,NYSE,Non-Financial,yfinance
JOYG,NYSE,Non-Financial,yfinance
JP,NYSE,Non-Financial,heuristic
JPM,NYSE,Financial,yfinance
JWN,NYSE,Non-Financial,heuristic
K,NYSE,Non-Financial,heuristic
KATE,NYSE,Non-Financial,yfinance
KBH,NYSE,Non-Financial,yfinance
KDP,NASDAQ,Non-Financial,yfinance
KEY,NYSE,Financial,yfinance
KEYS,NYSE,Non-Financial,yfinance
KFT,NYSE,Non-Financial,yfinance
KG,NASDAQ,Financial,yfinance
KHC,NASDAQ,Non-Financial,yfinance
KIM,NYSE,Non-Financial,yfinance
KKR,NYSE,Financial,yfinance
KLAC,NASDAQ,Non-Financial,yfinance
KM,NYSE,Non-Financial,yfinance
KMB,NASDAQ,Non-Financial,yfinance
KMG,NYSE,Non-Financial,yfinance
KMI,NYSE,Non-Financial,yfinance
KMX,NYSE,Non-Financial,yfinance
KO,NYSE,Non-Financial,yfinance
KORS,NYSE,Non-Financial,yfinance
KR,NYSE,Non-Financial,yfinance
KRB,NYSE,Non-Financial,yfinance
KRFT,NYSE,Non-Financial,yfinance
KRI,NYSE,Non-Financial,yfinance
KSE,NYSE,Non-Financial,yfinance
KSS,NYSE,Non-Financial,yfinance
KSU,NYSE,Non-Financial,yfinance
KVUE,NYSE,Non-Financial,yfinance
KWP,NYSE,Non-Financial,yfinance
L,NYSE,Financial,yfinance
LAMR,NASDAQ,Non-Financial,yfinance
LB,NYSE,Non-Financial,yfinance
LBTYA,NASDAQ,Non-Financial,yfinance
LBTYK,NASDAQ,Non-Financial,yfinance
LCID,NASDAQ,Non-Financial,yfinance
LDG,NYSE,Non-Financial,yfinance
LDOS,NYSE,Non-Financial,yfinance
LDW.B,NASDAQ,Non-Financial,heuristic
LEAP,NYSE,Non-Financial,yfinance
LEG,NYSE,Non-Financial,yfinance
LEHMQ,NYSE,Non-Financial,yfinance
LEN,NYSE,Non-Financial,yfinance
LH,NYSE,Non-Financial,yfinance
LHX,NYSE,Non-Financial,yfinance
LIFE,NASDAQ,Financial,yfinance
LII,NYSE,Non-Financial,yfinance
LILA,NASDAQ,Non-Financial,yfinance
LILAK,NASDAQ,Non-Financial,yfinance
LIN,NASDAQ,Non-Financial,yfinance
LITE,NASDAQ,Non-Financial,yfinance
LKQ,NASDAQ,Non-Financial,yfinance
LLL,NYSE,Non-Financial,yfinance
LLTC,NYSE,Non-Financial,yfinance
LLX,NASDAQ,Non-Financial,yfinance
LLY,NYSE,Non-Financial,yfinance
LM,NYSE,Financial,yfinance
LMCA,NYSE,Non-Financial,yfinance
LMCK,NYSE,Non-Financial,yfinance
LMT,NYSE,Non-Financial,yfinance
LNC,NYSE,Financial,yfinance
LNT,NASDAQ,Non-Financial,yfinance
LO,NYSE,Non-Financial,yfinance
LOGI,NASDAQ,Non-Financial,yfinance
LOR,NYSE,Non-Financial,yfinance
LOW,NYSE,Non-Financial,yfinance
LPX,NYSE,Non-Financial,yfinance
LRCX,NASDAQ,Non-Financial,yfinance
LSI,NYSE,Non-Financial,yfinance
LU,NYSE,Financial,yfinance
LUB,NYSE,Non-Financial,heuristic
LULU,NASDAQ,Non-Financial,yfinance
LUMN,NYSE,Non-Financial,yfinance
LUV,NYSE,Non-Financial,yfinance
LVLT,NYSE,Non-Financial,yfinance
LVS,NYSE,Non-Financial,yfinance
LW,NYSE,Non-Financial,yfinance
LXK,NYSE,Non-Financial,yfinance
LYB,NYSE,Non-Financial,yfinance
LYV,NYSE,Non-Financial,yfinance
M,NYSE,Non-Financial,yfinance
MA,NYSE,Financial,yfinance
MAA,NYSE,Non-Financial,yfinance
MAC,NYSE,Non-Financial,yfinance
MAR,NASDAQ,Non-Financial,yfinance
MAS,NYSE,Non-Financial,yfinance
MAT,NASDAQ,Non-Financial,yfinance
MAY,NYSE,Non-Financial,yfinance
MBI,NYSE,Financial,yfinance
MCD,NYSE,Non-Financial,yfinance
MCHP,NASDAQ,Non-Financial,yfinance
MCIC,NYSE,Non-Financial,yfinance
MCK,NYSE,Non-Financial,yfinance
MCO,NYSE,Financial,yfinance
MD,NYSE,Non-Financial,yfinance
MDB,NYSE,Non-Financial,yfinance
MDLZ,NASDAQ,Non-Financial,yfinance
MDP,NYSE,Non-Financial,yfinance
MDR,NYSE,Non-Financial,yfinance
MDT,NYSE,Non-Financial,yfinance
MEA,NYSE,Non-Financial,yfinance
MEDI,NYSE,Non-Financial,yfinance
MEE,NYSE,Non-Financial,yfinance
MEL,NYSE,Non-Financial,yfinance
MELI,NASDAQ,Non-Financial,yfinance
MER,NYSE,Financial,yfinance
MERQ,NYSE,Non-Financial,yfinance
MET,NYSE,Financial,yfinance
META,NASDAQ,Non-Financial,yfinance
MFE,NYSE,Non-Financial,yfinance
MGM,NYSE,Non-Financial,yfinance
MHK,NYSE,Non-Financial,yfinance
MHS,NYSE,Non-Financial,yfinance
MI,NYSE,Non-Financial,yfinance
MICC,NYSE,Non-Financial,yfinance
MII,NYSE,Non-Financial,yfinance
MIL,NYSE,Non-Financial,yfinance
MIR,NYSE,Non-Financial,yfinance
MJN,NYSE,Non-Financial,yfinance
MKC,NYSE,Non-Financial,yfinance
MKG,NYSE,Non-Financial,yfinance
MKTX,NASDAQ,Financial,yfinance
MLM,NYSE,Non-Financial,yfinance
MMC,NYSE,Non-Financial,yfinance
MMI,NYSE,Non-Financial,yfinance
MMM,NYSE,Non-Financial,yfinance
MNK,NYSE,Non-Financial,heuristic
MNR,NYSE,Non-Financial,yfinance
MNST,NASDAQ,Non-Financial,yfinance
MO,NYSE,Non-Financial,yfinance
MOB,NASDAQ,Non-Financial,yfinance
MOH,NYSE,Non-Financial,yfinance
MOLX,NYSE,Non-Financial,yfinance
MON,NYSE,Non-Financial,yfinance
MOS,NYSE,Non-Financial,yfinance
MPC,NYSE,Non-Financial,yfinance
MPWR,NASDAQ,Non-Financial,yfinance
MRK,NYSE,Non-Financial,yfinance
MRNA,NASDAQ,Non-Financial,yfinance
MRO,NYSE,Non-Financial,yfinance
MRVL,NASDAQ,Non-Financial,yfinance
MS,NYSE,Financial,yfinance
MSCI,NYSE,Financial,yfinance
MSFT,NASDAQ,Non-Financial,yfinance
MSI,NYSE,Non-Financial,yfinance
MST,NYSE,Non-Financial,yfinance
MSTR,NASDAQ,Non-Financial,yfinance
MTB,NYSE,Financial,yfinance
MTCH,NASDAQ,Non-Financial,yfinance
MTD,NYSE,Non-Financial,yfinance
MTG,NYSE,Financial,yfinance
MTL,NYSE,Non-Financial,heuristic
MTLQQ,NYSE,Non-Financial,yfinance
MTW,NYSE,Non-Financial,yfinance
MU,NASDAQ,Non-Financial,yfinance
MUR,NYSE,Non-Financial,yfinance
MWI,NYSE,Non-Financial,yfinance
MWV,NYSE,Non-Financial,yfinance
MWW,NYSE,Non-Financial,yfinance
MXIM,NYSE,Non-Financial,yfinance
MYG,NYSE,Non-Financial,yfinance
MYL,NYSE,Non-Financial,yfinance
MZIAQ,NYSE,Non-Financial,yfinance
NAE,NASDAQ,Non-Financial,yfinance
NAV,NYSE,Non-Financial,yfinance
NAVI,NASDAQ,Financial,yfinance
NBIS,NASDAQ,Non-Financial,yfinance
NBL,NYSE,Non-Financial,yfinance
NBR,NYSE,Non-Financial,yfinance
NC,NYSE,Non-Financial,yfinance
NCC,NYSE,Financial,yfinance
NCE,NYSE,Non-Financial,yfinance
NCLH,NYSE,Non-Financial,yfinance
NCR,NYSE,Non-Financial,yfinance
NDAQ,NASDAQ,Financial,yfinance
NDSN,NASDAQ,Non-Financial,yfinance
NE,NYSE,Non-Financial,yfinance
NEE,NYSE,Non-Financial,yfinance
NEM,NYSE,Non-Financial,yfinance
NFB,NYSE,Non-Financial,yfinance
NFLX,NASDAQ,Non-Financial,yfinance
NFX,NYSE,Non-Financial,yfinance
NGH,NYSE,Non-Financial,yfinance
NI,NYSE,Non-Financial,yfinance
NIHD,NYSE,Non-Financial,yfinance
NKE,NYSE,Non-Financial,yfinance
NKTR,NASDAQ,Non-Financial,yfinance
NLC,NYSE,Non-Financial,yfinance
NLOK,NYSE,Non-Financial,yfinance
NLSN,NASDAQ,Non-Financial,heuristic
NLTI,NASDAQ,Non-Financial,heuristic
NLV,NASDAQ,Non-Financial,yfinance
NMK,NYSE,Non-Financial,yfinance
NOC,NYSE,Non-Financial,yfinance
NOV,NYSE,Non-Financial,yfinance
NOVL,NYSE,Non-Financial,yfinance
NOW,NYSE,Non-Financial,yfinance
NRG,NYSE,Non-Financial,yfinance
NRTLQ,NYSE,Non-Financial,yfinance
NSC,NYSE,Non-Financial,yfinance
NSI,NYSE,Non-Financial,yfinance
NSM,NYSE,Non-Financial,yfinance
NTAP,NASDAQ,Non-Financial,yfinance
NTES,NASDAQ,Non-Financial,yfinance
NTRS,NASDAQ,Financial,yfinance
NUAN,NYSE,Non-Financial,yfinance
NUE,NYSE,Non-Financial,yfinance
NVDA,NASDAQ,Non-Financial,yfinance
NVLS,NYSE,Non-Financial,yfinance
NVR,NYSE,Non-Financial,yfinance
NWL,NASDAQ,Non-Financial,yfinance
NWS,NASDAQ,Non-Financial,yfinance
NWSA,NASDAQ,Non-Financial,yfinance
NXPI,NASDAQ,Non-Financial,yfinance
NXTL,NYSE,Non-Financial,yfinance
NYN,NASDAQ,Non-Financial,yfinance
NYT,NYSE,Non-Financial,yfinance
NYX,NYSE,Non-Financial,yfinance
O,NYSE,Non-Financial,yfinance
OAT,NYSE,Non-Financial,yfinance
ODFL,NASDAQ,Non-Financial,yfinance
ODP,NYSE,Non-Financial,heuristic
OGN,NYSE,Non-Financial,yfinance
OI,NYSE,Non-Financial,yfinance
OK,NYSE,Non-Financial,yfinance
OKE,NYSE,Non-Financial,yfinance
OKTA,NASDAQ,Non-Financial,yfinance
OM,NASDAQ,Non-Financial,yfinance
OMC,NYSE,Non-Financial,yfinance
OMX,NYSE,Non-Financial,yfinance
ON,NASDAQ,Non-Financial,yfinance
ONE,NYSE,Non-Financial,yfinance
ORCL,NYSE,Non-Financial,yfinance
ORLY,NASDAQ,Non-Financial,yfinance
ORX,NYSE,Non-Financial,yfinance
OTIS,NYSE,Non-Financial,yfinance
OWENQ,NYSE,Non-Financial,yfinance
OXY,NYSE,Non-Financial,yfinance
PAC,NYSE,Non-Financial,yfinance
PALM,NYSE,Non-Financial,yfinance
PANW,NASDAQ,Non-Financial,yfinance
PARA,NASDAQ,Non-Financial,heuristic
PAS,NYSE,Non-Financial,yfinance
PAYC,NYSE,Non-Financial,yfinance
PAYX,NASDAQ,Non-Financial,yfinance
PBCT,NYSE,Financial,yfinance
PBG,NYSE,Non-Financial,yfinance
PBI,NYSE,Non-Financial,yfinance
PBY,NYSE,Non-Financial,yfinance
PCAR,NASDAQ,Non-Financial,yfinance
PCG,NYSE,Non-Financial,yfinance
PCH,NYSE,Non-Financial,heuristic
PCL,NYSE,Non-Financial,yfinance
PCLN,NYSE,Non-Financial,yfinance
PCP,NYSE,Non-Financial,yfinance
PCS,NYSE,Non-Financial,yfinance
PD,NYSE,Non-Financial,yfinance
PDCO,NASDAQ,Non-Financial,heuristic
PDD,NASDAQ,Non-Financial,yfinance
PDG,NYSE,Non-Financial,yfinance
PEAK,NYSE,Non-Financial,yfinance
PEG,NYSE,Non-Financial,yfinance
PEL,NYSE,Non-Financial,yfinance
PENN,NASDAQ,Non-Financial,yfinance
PEP,NASDAQ,Non-Financial,yfinance
PET,NYSE,Non-Financial,heuristic
PETM,NYSE,Non-Financial,yfinance
PFE,NYSE,Non-Financial,yfinance
PFG,NASDAQ,Financial,yfinance
PG,NYSE,Non-Financial,yfinance
PGL,NYSE,Non-Financial,yfinance
PGN,NYSE,Non-Financial,yfinance
PGR,NYSE,Financial,yfinance
PH,NYSE,Non-Financial,yfinance
PHA,NYSE,Non-Financial,yfinance
PHB,NYSE,Non-Financial,yfinance
PHM,NYSE,Non-Financial,yfinance
PKG,NYSE,Non-Financial,yfinance
PKI,NYSE,Non-Financial,yfinance
PLD,NYSE,Non-Financial,yfinance
PLL,NYSE,Non-Financial,heuristic
PLTR,NASDAQ,Non-Financial,yfinance
PM,NYSE,Non-Financial,yfinance
PMCS,NYSE,Non-Financial,yfinance
PMI,NYSE,Non-Financial,yfinance
PNC,NYSE,Financial,yfinance
PNR,NYSE,Non-Financial,yfinance
PNU,NYSE,Non-Financial,yfinance
PNW,NYSE,Non-Financial,yfinance
PODD,NASDAQ,Non-Financial,yfinance
POM,NYSE,Non-Financial,yfinance
POOL,NASDAQ,Non-Financial,yfinance
PPDI,NYSE,Non-Financial,yfinance
PPG,NYSE,Non-Financial,yfinance
PPL,NYSE,Non-Financial,yfinance
PPW,NYSE,Non-Financial,yfinance
PRD,NYSE,Non-Financial,yfinance
PRGO,NYSE,Non-Financial,yfinance
PRU,NYSE,Financial,yfinance
PSA,NYSE,Non-Financial,yfinance
PSFT,NYSE,Non-Financial,yfinance
PSX,NYSE,Non-Financial,yfinance
PTC,NASDAQ,Non-Financial,yfinance
PTEN,NASDAQ,Non-Financial,yfinance
PTON,NASDAQ,Non-Financial,yfinance
PTV,NYSE,Non-Financial,yfinance
PVH,NYSE,Non-Financial,yfinance
PVN,NYSE,Non-Financial,yfinance
PVT,NYSE,Non-Financial,yfinance
PWER,NYSE,Non-Financial,yfinance
PWJ,NYSE,Non-Financial,yfinance
PWR,NYSE,Non-Financial,yfinance
PX,NYSE,Non-Financial,heuristic
PXD,NYSE,Non-Financial,yfinance
PYPL,NASDAQ,Financial,yfinance
PZE,NYSE,Non-Financial,yfinance
Q,NYSE,Non-Financial,yfinance
QCOM,NASDAQ,Non-Financial,yfinance
QEP,NYSE,Non-Financial,yfinance
QGEN,NYSE,Non-Financial,yfinance
QLGC,NYSE,Non-Financial,yfinance
QRTEA,NYSE,Non-Financial,yfinance
QRVO,NASDAQ,Non-Financial,yfinance
QTRN,NYSE,Non-Financial,yfinance
R,NYSE,Non-Financial,yfinance
RAD,NYSE,Non-Financial,heuristic
RAI,NYSE,Non-Financial,yfinance
RAL,NYSE,Non-Financial,yfinance
RATL,NYSE,Non-Financial,yfinance
RBD,NYSE,Non-Financial,yfinance
RBK,NYSE,Non-Financial,yfinance
RCL,NYSE,Non-Financial,yfinance
RDC,NYSE,Non-Financial,yfinance
RDS.A,NYSE,Non-Financial,yfinance
RE,NYSE,Non-Financial,yfinance
REG,NASDAQ,Non-Financial,yfinance
REGN,NASDAQ,Non-Financial,yfinance
RF,NYSE,Financial,yfinance
RHI,NYSE,Non-Financial,yfinance
RHT,NYSE,Non-Financial,yfinance
RIG,NYSE,Non-Financial,yfinance
RIMM,NYSE,Non-Financial,yfinance
RIVN,NASDAQ,Non-Financial,yfinance
RJF,NYSE,Financial,yfinance
RKLB,NASDAQ,Non-Financial,yfinance
RL,NYSE,Non-Financial,yfinance
RLM,NYSE,Non-Financial,yfinance
RMD,NYSE,Non-Financial,yfinance
RML,NYSE,Non-Financial,yfinance
RNB,NYSE,Non-Financial,yfinance
ROH,NYSE,Non-Financial,yfinance
ROK,NYSE,Non-Financial,yfinance
ROL,NYSE,Non-Financial,yfinance
ROP,NASDAQ,Non-Financial,yfinance
ROST,NASDAQ,Non-Financial,yfinance
RRC,NYSE,Non-Financial,yfinance
RRD,NYSE,Non-Financial,yfinance
RSG,NYSE,Non-Financial,yfinance
RSHCQ,NYSE,Non-Financial,yfinance
RTN,NYSE,Non-Financial,yfinance
RTX,NYSE,Non-Financial,yfinance
RVTY,NYSE,Non-Financial,yfinance
RX,NYSE,Non-Financial,yfinance
RYAAY,NASDAQ,Non-Financial,yfinance
RYAN,NYSE,Financial,yfinance
RYC,NYSE,Non-Financial,yfinance
RYI,NYSE,Non-Financial,heuristic
S,NYSE,Non-Financial,yfinance
SAF,NYSE,Non-Financial,yfinance
SAI,NYSE,Non-Financial,yfinance
SANM,NASDAQ,Non-Financial,yfinance
SAPE,NYSE,Non-Financial,yfinance
SATS,NASDAQ,Non-Financial,yfinance
SB,NYSE,Non-Financial,yfinance
SBAC,NASDAQ,Non-Financial,yfinance
SBL,NYSE,Non-Financial,yfinance
SBNY,NYSE,Financial,yfinance
SBUX,NASDAQ,Non-Financial,yfinance
SCG,NYSE,Non-Financial,yfinance
SCHW,NYSE,Financial,yfinance
SCI,NYSE,Non-Financial,yfinance
SDS,NYSE,Non-Financial,yfinance
SE,NYSE,Non-Financial,yfinance
SEBL,NYSE,Non-Financial,yfinance
SEDG,NASDAQ,Non-Financial,yfinance
SEE,NYSE,Non-Financial,heuristic
SEG,NYSE,Non-Financial,yfinance
SEPR,NYSE,Non-Financial,yfinance
SFA,NYSE,Non-Financial,yfinance
SFS,NYSE,Non-Financial,yfinance
SGEN,NYSE,Non-Financial,yfinance
SGID,NASDAQ,Non-Financial,heuristic
SGP,NASDAQ,Non-Financial,yfinance
SHLD,NYSE,Non-Financial,yfinance
SHN,NYSE,Non-Financial,heuristic
SHOP,NASDAQ,Non-Financial,yfinance
SHPG,NYSE,Non-Financial,yfinance
SHW,NYSE,Non-Financial,yfinance
SIAL,NYSE,Non-Financial,yfinance
SIG,NYSE,Non-Financial,yfinance
SII,NYSE,Financial,yfinance
SIRI,NASDAQ,Non-Financial,yfinance
SIVB,NYSE,Non-Financial,yfinance
SJM,NYSE,Non-Financial,yfinance
SK,NYSE,Non-Financial,yfinance
SLB,NYSE,Non-Financial,yfinance
SLG,NYSE,Non-Financial,yfinance
SLM,NASDAQ,Financial,yfinance
SLR,NYSE,Non-Financial,yfinance
SMCI,NASDAQ,Non-Financial,yfinance
SMI,NYSE,Non-Financial,yfinance
SMS,NYSE,Non-Financial,yfinance
SNA,NYSE,Non-Financial,yfinance
SNDK,NASDAQ,Non-Financial,yfinance
SNI,NYSE,Non-Financial,yfinance
SNPS,NASDAQ,Non-Financial,yfinance
SNT,NYSE,Non-Financial,yfinance
SNV,NYSE,Non-Financial,heuristic
SO,NYSE,Non-Financial,yfinance
SOLS,NASDAQ,Non-Financial,yfinance
SOLV,NYSE,Non-Financial,yfinance
SOTR,NYSE,Non-Financial,yfinance
SOV,NYSE,Financial,yfinance
SPG,NYSE,Non-Financial,yfinance
SPGI,NYSE,Financial,yfinance
SPLK,NYSE,Non-Financial,yfinance
SPLS,NYSE,Non-Financial,yfinance
SRCL,NASDAQ,Non-Financial,heuristic
SRE,NYSE,Non-Financial,yfinance
SRR,NYSE,Non-Financial,yfinance
SSP,NASDAQ,Non-Financial,yfinance
STE,NYSE,Non-Financial,yfinance
STI,NASDAQ,Non-Financial,yfinance
STJ,NYSE,Non-Financial,yfinance
STLD,NASDAQ,Non-Financial,yfinance
STO,NYSE,Non-Financial,yfinance
STR,NYSE,Non-Financial,heuristic
STRZA,NYSE,Non-Financial,yfinance
STT,NYSE,Financial,yfinance
STX,NASDAQ,Non-Financial,yfinance
STZ,NYSE,Non-Financial,yfinance
SUB,NYSE,Non-Financial,yfinance
SUN,NYSE,Non-Financial,yfinance
SUNEQ,NYSE,Non-Financial,yfinance
SVU,NYSE,Non-Financial,yfinance
SW,NYSE,Non-Financial,yfinance
SWK,NYSE,Non-Financial,yfinance
SWKS,NASDAQ,Non-Financial,yfinance
SWN,NYSE,Non-Financial,yfinance
SWY,NYSE,Non-Financial,yfinance
SXCL,NYSE,Non-Financial,yfinance
SYF,NYSE,Financial,yfinance
SYK,NYSE,Non-Financial,yfinance
SYMC,NYSE,Non-Financial,yfinance
SYY,NYSE,Non-Financial,yfinance
T,NYSE,Non-Financial,yfinance
TA,NYSE,Non-Financial,yfinance
TAP,NYSE,Non-Financial,yfinance
TCOM,NASDAQ,Non-Financial,yfinance
TCOMA,NYSE,Non-Financial,yfinance
TDC,NYSE,Non-Financial,yfinance
TDG,NYSE,Non-Financial,yfinance
TDM,NASDAQ,Non-Financial,yfinance
TDY,NYSE,Non-Financial,yfinance
TE,NYSE,Non-Financial,yfinance
TEAM,NASDAQ,Non-Financial,yfinance
TECH,NASDAQ,Non-Financial,yfinance
TEG,NYSE,Non-Financial,yfinance
TEK,NYSE,Non-Financial,yfinance
TEL,NYSE,Non-Financial,yfinance
TEN,NYSE,Non-Financial,yfinance
TER,NASDAQ,Non-Financial,yfinance
TEVA,NYSE,Non-Financial,yfinance
TEX,NYSE,Non-Financial,yfinance
TFC,NYSE,Financial,yfinance
TFX,NYSE,Non-Financial,yfinance
TGNA,NASDAQ,Non-Financial,heuristic
TGT,NYSE,Non-Financial,yfinance
THC,NYSE,Non-Financial,yfinance
THY,NYSE,Non-Financial,yfinance
TIE,NYSE,Non-Financial,yfinance
TIF,NYSE,Non-Financial,yfinance
TIN,NYSE,Non-Financial,yfinance
TJX,NYSE,Non-Financial,yfinance
TKO,NYSE,Non-Financial,yfinance
TKR,NYSE,Non-Financial,yfinance
TLAB,NYSE,Non-Financial,yfinance
TMC,NASDAQ,Non-Financial,yfinance
TMC.A,NASDAQ,Non-Financial,heuristic
TMK,NYSE,Non-Financial,yfinance
TMO,NYSE,Non-Financial,yfinance
TMUS,NASDAQ,Non-Financial,yfinance
TNB,NYSE,Non-Financial,yfinance
TOS,NYSE,Non-Financial,yfinance
TOY,NYSE,Non-Financial,yfinance
TPL,NYSE,Non-Financial,yfinance
TPR,NYSE,Non-Financial,yfinance
TRB,NYSE,Non-Financial,yfinance
TRGP,NYSE,Non-Financial,yfinance
TRI,NASDAQ,Non-Financial,yfinance
TRIP,NASDAQ,Non-Financial,yfinance
TRMB,NASDAQ,Non-Financial,yfinance
TROW,NASDAQ,Financial,yfinance
TRV,NYSE,Financial,yfinance
TRW,NYSE,Non-Financial,yfinance
TSCO,NASDAQ,Non-Financial,yfinance
TSG,NYSE,Non-Financial,yfinance
TSLA,NASDAQ,Non-Financial,yfinance
TSN,NYSE,Non-Financial,yfinance
TSS,NYSE,Non-Financial,yfinance
TT,NYSE,Non-Financial,yfinance
TTD,NYSE,Non-Financial,yfinance
TTWO,NASDAQ,Non-Financial,yfinance
TUP,NYSE,Non-Financial,heuristic
TWC,NYSE,Non-Financial,yfinance
TWTR,NASDAQ,Non-Financial,heuristic
TWX,NYSE,Non-Financial,yfinance
TX,NYSE,Non-Financial,yfinance
TXN,NASDAQ,Non-Financial,yfinance
TXT,NYSE,Non-Financial,yfinance
TXU,NYSE,Non-Financial,yfinance
TYL,NYSE,Non-Financial,yfinance
UA,NYSE,Non-Financial,yfinance
UAA,NYSE,Non-Financial,yfinance
UAL,NASDAQ,Non-Financial,yfinance
UAUA,NYSE,Non-Financial,yfinance
UAWGQ,NASDAQ,Non-Financial,heuristic
UBER,NYSE,Non-Financial,yfinance
UCC,NYSE,Non-Financial,yfinance
UCL,NYSE,Non-Financial,yfinance
UCM,NYSE,Non-Financial,yfinance
UDR,NYSE,Non-Financial,yfinance
UHS,NYSE,Non-Financial,yfinance
UIS,NYSE,Non-Financial,yfinance
UK,NASDAQ,Non-Financial,yfinance
ULTA,NASDAQ,Non-Financial,yfinance
UMG,NYSE,Non-Financial,heuristic
UN,NYSE,Non-Financial,yfinance
UNH,NYSE,Non-Financial,yfinance
UNM,NYSE,Financial,yfinance
UNP,NYSE,Non-Financial,yfinance
UPC,NASDAQ,Non-Financial,yfinance
UPR,NYSE,Non-Financial,yfinance
UPS,NYSE,Non-Financial,yfinance
URBN,NASDAQ,Non-Financial,yfinance
URI,NYSE,Non-Financial,yfinance
USB,NYSE,Financial,yfinance
USBC,NYSE,Non-Financial,yfinance
USH,NASDAQ,Non-Financial,yfinance
USHC,NASDAQ,Non-Financial,heuristic
USS,NYSE,Non-Financial,yfinance
UST,NYSE,Non-Financial,yfinance
USW,NYSE,Non-Financial,yfinance
UTX,NYSE,Non-Financial,yfinance
UVN,NYSE,Non-Financial,yfinance
V,NYSE,Financial,yfinance
VAR,NYSE,Non-Financial,yfinance
VAT,NASDAQ,Non-Financial,yfinance
VEEV,NYSE,Non-Financial,yfinance
VFC,NYSE,Non-Financial,yfinance
VIAB,NYSE,Non-Financial,yfinance
VIAC,NYSE,Non-Financial,yfinance
VIAV,NASDAQ,Non-Financial,yfinance
VICI,NYSE,Non-Financial,yfinance
VIP,NYSE,Non-Financial,yfinance
VLO,NYSE,Non-Financial,yfinance
VLTO,NYSE,Non-Financial,yfinance
VMC,NYSE,Non-Financial,yfinance
VMED,NYSE,Non-Financial,yfinance
VNO,NYSE,Non-Financial,yfinance
VNT,NYSE,Non-Financial,yfinance
VO,NYSE,Non-Financial,yfinance
VOD,NASDAQ,Non-Financial,yfinance
VRSK,NASDAQ,Non-Financial,yfinance
VRSN,NASDAQ,Non-Financial,yfinance
VRT,NYSE,Non-Financial,yfinance
VRTS,NYSE,Financial,yfinance
VRTX,NASDAQ,Non-Financial,yfinance
VSNT,NASDAQ,Non-Financial,yfinance
VST,NYSE,Non-Financial,yfinance
VSTNQ,NASDAQ,Non-Financial,heuristic
VTR,NYSE,Non-Financial,yfinance
VTRS,NASDAQ,Non-Financial,yfinance
VTSS,NYSE,Non-Financial,yfinance
VZ,NYSE,Non-Financial,yfinance
WAB,NYSE,Non-Financial,yfinance
WAI,NASDAQ,Financial,yfinance
WAMUQ,NYSE,Non-Financial,yfinance
WAT,NYSE,Non-Financial,yfinance
WB,NASDAQ,Non-Financial,yfinance
WBA,NYSE,Non-Financial,heuristic
WBD,NASDAQ,Non-Financial,yfinance
WCG,NYSE,Non-Financial,yfinance
WCOEQ,NYSE,Non-Financial,yfinance
WCRX,NYSE,Non-Financial,yfinance
WDAY,NASDAQ,Non-Financial,yfinance
WDC,NASDAQ,Non-Financial,yfinance
WEC,NYSE,Non-Financial,yfinance
WELL,NYSE,Non-Financial,yfinance
WEN,NASDAQ,Non-Financial,yfinance
WFC,NYSE,Financial,yfinance
WFM,NYSE,Non-Financial,yfinance
WFMI,NYSE,Non-Financial,yfinance
WFT,NYSE,Non-Financial,yfinance
WHR,NYSE,Non-Financial,yfinance
WIN,NYSE,Non-Financial,yfinance
WLA,NYSE,Non-Financial,yfinance
WLL,NYSE,Non-Financial,yfinance
WLP,NYSE,Non-Financial,yfinance
WLTW,NYSE,Non-Financial,yfinance
WM,NYSE,Financial,yfinance
WMB,NYSE,Non-Financial,yfinance
WMT,NASDAQ,Non-Financial,yfinance
WMX,NYSE,Non-Financial,yfinance
WNDXQ,NYSE,Non-Financial,yfinance
WOR,NYSE,Non-Financial,yfinance
WPX,NYSE,Non-Financial,yfinance
WRB,NYSE,Financial,yfinance
WRK,NYSE,Non-Financial,yfinance
WSM,NYSE,Non-Financial,yfinance
WST,NYSE,Non-Financial,yfinance
WTW,NASDAQ,Financial,yfinance
WU,NYSE,Financial,yfinance
WWY,NYSE,Non-Financial,yfinance
WY,NYSE,Non-Financial,yfinance
WYE,NYSE,Non-Financial,yfinance
WYND,NYSE,Non-Financial,yfinance
WYNN,NASDAQ,Non-Financial,yfinance
X,NYSE,Non-Financial,heuristic
XEC,NYSE,Non-Financial,heuristic
XEL,NYSE,Non-Financial,heuristic
XL,NYSE,Non-Financial,heuristic
XLNX,NASDAQ,Non-Financial,heuristic
XMSR,NASDAQ,Non-Financial,heuristic
XOM,NYSE,Non-Financial,heuristic
XRAY,NASDAQ,Non-Financial,heuristic
XRX,NYSE,Non-Financial,heuristic
XTO,NYSE,Non-Financial,heuristic
XYL,NYSE,Non-Financial,heuristic
XYZ,NYSE,Non-Financial,heuristic
YHOO,NASDAQ,Non-Financial,heuristic
YNR,NYSE,Non-Financial,heuristic
YRCW,NASDAQ,Non-Financial,heuristic
YUM,NYSE,Non-Financial,heuristic
ZBH,NYSE,Non-Financial,heuristic
ZBRA,NASDAQ,Non-Financial,heuristic
ZION,NASDAQ,Financial,heuristic
ZM,NYSE,Non-Financial,heuristic
ZS,NYSE,Non-Financial,heuristic
ZTS,NYSE,Non-Financial,heuristic
